stamp,px,py,pz,ox,oy,oz,ow
1713498798.488745,-3.0005544338128836,-0.0096867353848028,0.12881388487946,0.0178344761262473,-0.703801839472103,-0.0239576875671884,0.7097682237346354
1713498798.595632,-3.0005556020091815,-0.009686876923156,0.1287942616830829,0.0178292223857011,-0.7038097445591837,-0.0239529456077557,0.7097606770520398
1713498798.7232292,-3.0046991197593136,-0.0118470240008629,0.1294746742823659,-0.0072209978701414,-0.7010458068660074,-0.0501314559426108,0.7113153105272109
1713498798.848075,-3.011727254740971,-0.0118760211880112,0.1304717470863518,-0.0194811483484502,-0.6989638548866195,-0.064867204774186,0.7119425961170229
1713498798.9562345,-3.0128342485327284,-0.0109437917772327,0.1304799928288142,-0.0159291689770654,-0.6991393643746083,-0.0615749481527162,0.7121509225701804
1713498799.0742908,-3.009465776429001,-0.0133616684707479,0.130195914628852,-0.0130733759088358,-0.6999532287155422,-0.0580022009697341,0.7117094274601824
1713498799.1873257,-3.0048110767441134,-0.016956757318338,0.1297536010062956,-0.0102112116218411,-0.7006923174356792,-0.0542139463820072,0.7113275303694638
1713498799.3012433,-3.00056677506951,-0.0192638408714361,0.1293764352492907,-0.0058844158079671,-0.7014694428758229,-0.0491369506460954,0.7109792925558979
1713498799.417966,-2.9968324935406225,-0.0206469353137817,0.128990259137352,-0.0001921454520452,-0.7022286210364104,-0.0426572661646303,0.7106724171661559
1713498799.5419834,-2.993706640280126,-0.0205764038528318,0.1286020562301794,0.0066888722052811,-0.702948594358337,-0.0350231220567373,0.710346333558257
1713498799.6642764,-2.989796860667832,-0.019081190966518,0.1279072479237454,0.0197435957448685,-0.7039467187022752,-0.0204857701533764,0.7096827043662444
1713498799.785148,-2.985471889920385,-0.0162917181560591,0.1275150881519449,0.0290205164391969,-0.7045398083138078,-0.0105329026520742,0.7089926135641099
1713498799.9032395,-2.9797998078721055,-0.0132726583454193,0.1273031616620674,0.0345417651498387,-0.7049686892132726,-0.0048016316691528,0.70838051781692
1713498800.0315416,-2.973001843527706,-0.0098602333082573,0.127214938891061,0.0377092112615562,-0.705417564688706,-0.0017369515098365,0.7077860254442293
1713498800.1607893,-2.964359198169032,-0.0062408545137275,0.1270176693600531,0.042781591754365,-0.7060107367250734,0.0034725476200128,0.7068992265159928
1713498800.291403,-2.955971644458552,-0.0025327196566517,0.1272257629796232,0.0429088921695181,-0.705609352644049,0.0038394726076816,0.7072902705990841
1713498800.4034626,-2.9505668603710133,-0.0004053280249001,0.1272231326837517,0.0429194387908666,-0.7055749785980671,0.0039731909113142,0.7073231829257378
1713498800.5188537,-2.9473110836627208,0.000968447687414,0.1270865853228727,0.0430930193663301,-0.7063071686685564,0.0036503481377411,0.7065832223650474
1713498800.6328871,-2.945880393736032,0.0016022504496268,0.1275283148527399,0.0426879286770572,-0.7059752593670746,0.0040448725568165,0.7069372765053866
1713498800.7470264,-2.9441090426164376,0.0043635410754208,0.1249199936420225,0.0377644323497456,-0.7010285638208115,0.0117655668667469,0.7120353725714308
1713498800.855231,-2.9399562879735535,0.0052869586301021,0.1258757253258794,0.0380693198491055,-0.7010220978402788,0.0114265946879694,0.7120310233126631
1713498800.967666,-2.93554893180196,0.0064355141218719,0.1263447295148617,0.0394060852414824,-0.7028905095548063,0.0112485560853846,0.7101165833929807
1713498801.086654,-2.9298171553372634,0.0078474329937039,0.1266241006121904,0.0406871773668523,-0.704834234629564,0.0112174081062152,0.7081154037637184
1713498801.2099955,-2.922309964339898,0.0094712088096268,0.1268900135961936,0.0417956146873592,-0.7069316460276216,0.0111004859265454,0.7059586061872027
1713498801.3434937,-2.914139590484988,0.0107507681617572,0.1272252459428764,0.0429605913253155,-0.709154314733723,0.0111045122744739,0.7036556226554785
1713498801.4730265,-2.903110756099071,0.0124220030899798,0.1274275862584918,0.0445846919254812,-0.7120731255257663,0.0120931379828226,0.7005839172887177
1713498801.5953484,-2.8891541243319967,0.0125338019324681,0.1274538240047489,0.0493939461173659,-0.7132281186314868,0.01720668705846,0.6989776954959414
1713498801.718421,-2.8776864151747636,0.0119779111697006,0.1271206479489162,0.0498035299573072,-0.715760455968322,0.0190340572650688,0.6963076064067097
1713498801.8458142,-2.867434927364736,0.0107071048635931,0.1268225509537058,0.0496775225487693,-0.7183650144691813,0.0204518662006527,0.6935889062759152
1713498801.9749384,-2.855330295380227,0.0086723399210411,0.1265759871114615,0.0482910535509492,-0.7226906337479273,0.0215484893606373,0.6891457644404652
1713498802.0977197,-2.8424242727437097,0.0053180695870246,0.1265544918443145,0.0467880235679059,-0.7254223256068492,0.0222589616656624,0.6863511266016297
1713498802.2250628,-2.833486272452195,0.0026766571599757,0.1266002218785019,0.045871220152542,-0.7273248064212363,0.0228205980610918,0.6843783145528227
1713498802.3674114,-2.8248671959218674,-0.0004807171245352,0.1268226112840378,0.0456675779978187,-0.7284635882511401,0.0232379784973439,0.6831656235990243
1713498802.4866858,-2.8192454031438716,-0.0024795599871712,0.127019035808335,0.0464259395090952,-0.7278203661636728,0.0233510588480308,0.6837959306611519
1713498802.6015809,-2.8176889817177853,-0.0043602265229071,0.1307272043893521,0.0541329698171713,-0.7145430645511281,0.0192358906711366,0.6972286647798869
1713498802.7281015,-2.8115146633874177,-0.0059785941613635,0.1293979958681186,0.061656802958332,-0.6948360787185626,0.0124485325457107,0.7164120995610189
1713498802.8432026,-2.807320371790214,-0.0072575768837019,0.1301241024246681,0.061291784614932,-0.697605122282451,0.0138323638223179,0.7137219880423263
1713498802.9725137,-2.802467514489946,-0.0086879730196547,0.1302652125306702,0.0619401749385167,-0.6989844081017599,0.0153465087850528,0.7122841403732983
1713498803.0907593,-2.7969840151159886,-0.0100537729244942,0.1302150747433285,0.0633878576064948,-0.6996064570202168,0.0171299936404921,0.7115049881213449
1713498803.2180746,-2.790442105627043,-0.0112246447444655,0.1300636597313413,0.065034633957095,-0.7001832638682138,0.018927763837876,0.7107430148380071
1713498803.3288355,-2.7831460097155785,-0.0114787250291918,0.1300331919210578,0.0670440005282937,-0.7007358982729108,0.0207924913091357,0.7099591362677
1713498803.4580991,-2.7733909924117706,-0.0115220256810517,0.1301337958904069,0.0742455544458696,-0.7012530915255468,0.0273547792421907,0.7085078795069958
1713498803.5924475,-2.763990372992411,-0.0101155501757288,0.1301749615818434,0.0781661679158726,-0.7019275020086374,0.0306747970911354,0.7072813364854751
1713498803.71759,-2.7563411246102563,-0.0061216624768343,0.1303190625412601,0.0797678807483961,-0.7026945757971166,0.0314895899980087,0.706304342382218
1713498803.8412406,-2.749123420579429,-0.0017716912901608,0.1305052374757671,0.0824493156592123,-0.7032878467758026,0.0332992042150665,0.7053222511188955
1713498803.9717507,-2.7410420331052694,0.0038824621455563,0.1308898333203204,0.0898841932276784,-0.7039060574869661,0.0391557910510492,0.7034940782040258
1713498804.1024342,-2.731986545257743,0.010030737605841,0.131099747985694,0.091727484048075,-0.7045803009884227,0.0399834077906732,0.702533981548735
1713498804.2271202,-2.7244675695220137,0.0147925512335116,0.1313697723724826,0.0917240932373834,-0.7050982567621047,0.0394663134180706,0.7020438370472372
1713498804.3448684,-2.7175539654732574,0.0184546141216545,0.1314719037775835,0.0938664898711154,-0.705671546191575,0.0410004358182612,0.7010960813166625
1713498804.4577658,-2.7126587487388454,0.0212226578668498,0.1313273114349218,0.0931554457824836,-0.705920941527092,0.0407888586673163,0.7009521782855009
1713498804.569271,-2.711010930319343,0.0225302149371647,0.1319147893055701,0.0912679710579122,-0.7052788042394201,0.0414034212818073,0.7018103180031959
1713498804.6854303,-2.7099551591952262,0.0235387421332571,0.1332011533648847,0.0892485551708312,-0.6996692846139403,0.0450280098126531,0.70743908988693
1713498804.7976482,-2.708403469343932,0.0243612552248823,0.1338594146467423,0.0898021805831,-0.7005160971523522,0.0447540625447449,0.7065478326898313
1713498804.9135337,-2.705114983710612,0.0259009919276082,0.1340059111183133,0.0901755592706033,-0.7007772998497339,0.0449395145620282,0.7062294135452584
1713498805.0383613,-2.700741116055027,0.0278342577775453,0.1340838112117335,0.0912320406189053,-0.7012883838294883,0.0455957596128401,0.7055440058392268
1713498805.1617846,-2.6933553514150974,0.0309224100269461,0.1339600739166301,0.0934436540573756,-0.7019607107597017,0.0476938449172498,0.7044464076302394
1713498805.2864602,-2.6841211849299342,0.0340277709518565,0.1338704657184043,0.0983244798171208,-0.7022266150983552,0.0528384169214112,0.7031487605147566
1713498805.40892,-2.6758783393473884,0.0362443790191734,0.1337356749202552,0.101801489417715,-0.7026429907907148,0.0565243081473414,0.7019503449913527
1713498805.5346377,-2.667463955008696,0.0380556415180461,0.1334806628891846,0.1047622494262056,-0.7032504356618242,0.0599086468027309,0.700624471364569
1713498805.6621969,-2.657316352723414,0.0400486643641811,0.1317875981415303,0.1064763788141899,-0.7051756633134189,0.0653182330963558,0.6979423995218137
1713498805.789422,-2.646083710363245,0.040559291355125,0.1304440095134917,0.1113956446286313,-0.7074753239251044,0.0729837749857476,0.6940771174615039
1713498805.9139194,-2.636290123896934,0.0402955166966079,0.1299610626064735,0.1120628322387738,-0.7098527223932255,0.0754561615623203,0.6912723065650989
1713498806.0370352,-2.626657247209231,0.0395924067990705,0.12962016620036,0.1116195825615521,-0.7119537808236414,0.0763262800470079,0.6890843066954095
1713498806.165758,-2.616190604260376,0.0382151352671086,0.129280841155861,0.1107525406693613,-0.7151807760771718,0.0774264418886632,0.6857517614715963
1713498806.2870564,-2.6072203844226967,0.0364612121110305,0.1293233256020552,0.1103786756041486,-0.7169348280323764,0.0780271431023664,0.6839099101967625
1713498806.40517,-2.6024928274619428,0.0361023656213917,0.1286431895891073,0.1089847132264295,-0.7226087969223419,0.0790962397863603,0.678013748935121
1713498806.5176926,-2.599161456062037,0.0352854737130605,0.1287936209432596,0.109195447421713,-0.7227824187938964,0.0795365884852193,0.677743211280607
1713498806.6290824,-2.5975258192703503,0.0358771045633961,0.1314005111716298,0.1079050591231555,-0.7175242598957752,0.0795125155237592,0.683515321373071
1713498806.743122,-2.5926156296799587,0.035226360082076,0.1313141938407582,0.1138035703628772,-0.7031299851637833,0.0772927792857432,0.6976265459445513
1713498806.867664,-2.5841474481992446,0.034445393926828,0.1291320394722437,0.1196499774482494,-0.6888352231513456,0.0756092230421314,0.7109663590027552
1713498806.9815028,-2.580169600136399,0.0335700337829746,0.1293674471949649,0.1201824834397707,-0.6913218620335714,0.0777698524564901,0.7082246139450259
1713498807.095187,-2.574574537625107,0.0321849031986953,0.1291008517222677,0.1212764147925723,-0.6924332606855348,0.0799148289107691,0.7067119857704558
1713498807.212069,-2.5680777377305968,0.0302433774323473,0.128935947605535,0.1233015461238109,-0.6928224811911237,0.0823254817736303,0.7057026663761394
1713498807.3345048,-2.561478680802471,0.0280486681623587,0.1286040473596513,0.1262189676665663,-0.6930222783548424,0.0857930698898419,0.7045767829441489
1713498807.460713,-2.5548760194279914,0.0263602325996157,0.1281177188240579,0.1361230653741986,-0.6924585553159233,0.0964219485392895,0.701907734736413
1713498807.5780592,-2.5504222271976715,0.0260485281693809,0.1277270895719172,0.1459312276431964,-0.6913606541073632,0.106917917857639,0.6994948760296789
1713498807.6991544,-2.5494277111076964,0.0279890710929292,0.1275270241119043,0.1555194549675986,-0.6900998920564797,0.1169840831159946,0.6970585071625813
1713498807.8206284,-2.54804176015559,0.0303304319533279,0.1272785386980426,0.1637679812634907,-0.6889183224607754,0.1255112461929642,0.6948514376251957
1713498807.946193,-2.5459549121523524,0.0332798364892183,0.1270742398732425,0.1707057356004682,-0.6878888063776742,0.1325382457087527,0.692894043355727
1713498808.0750997,-2.5420361979017176,0.0371262525151795,0.1270953153593099,0.1806583657569148,-0.6863729878910235,0.1419425881754411,0.6900050565304915
1713498808.1990604,-2.537934150478823,0.0421158008319563,0.1271790510065742,0.1846358459401121,-0.6860106113700379,0.1451807946171829,0.6886374825378079
1713498808.3173723,-2.5366628338027435,0.042803985882813,0.1282804992856128,0.1934495273117607,-0.687007704128807,0.1484430405285973,0.6845161492391159
1713498808.436243,-2.5378304376645877,0.04007665886959,0.131425386957914,0.2039748581267855,-0.6844734164299172,0.1507861367100466,0.6834866058884944
1713498808.5550752,-2.5389520176074782,0.0367797482639842,0.1370533050021991,0.2162846801655217,-0.6830270723764704,0.1491558986216341,0.6815038322950935
1713498808.6714709,-2.541112367150792,0.0357468654267068,0.136938460058304,0.217177884626744,-0.6886836460298901,0.1492662615853068,0.6754762655137312
1713498808.7868571,-2.543779936124549,0.0357614087753868,0.1344597165768464,0.2127770359536476,-0.6968624507889277,0.1485044778883868,0.668621774771303
1713498808.905449,-2.5460696624893115,0.0358478885108303,0.1315735870526295,0.2072658157754194,-0.704003513140834,0.1449531049159165,0.6636328295613086
1713498809.015854,-2.543348857364491,0.038824509167755,0.1316259875066459,0.207759887301041,-0.7039979052783155,0.1456014055086265,0.6633423017615531
1713498809.1377037,-2.5387655115296885,0.0429260332186322,0.1319220315084678,0.2089991598042276,-0.7037408398461298,0.1479838541969097,0.6626982423628561
1713498809.262678,-2.5325155762122593,0.0482888700274033,0.1315794477562558,0.2113201903864706,-0.7038256897331029,0.1523884716969985,0.6608713409587385
1713498809.392741,-2.524702059468626,0.0539323671510974,0.1312503003668341,0.216879123865538,-0.7035946483688242,0.1602169167668044,0.6574561247716887
1713498809.5256,-2.5178349954838297,0.0582326770754169,0.130863633513733,0.2197264317332732,-0.7038848505749902,0.1653823233219966,0.6549161010857848
1713498809.6599126,-2.5083783740602144,0.0635895055464501,0.1300807961929654,0.2228578788604567,-0.7053457320219481,0.1712910190237963,0.6507542938391031
1713498809.7834172,-2.4969869672138163,0.0678235495401406,0.1293758381310616,0.2275166354281987,-0.7083538817764575,0.178791460261873,0.643820295201296
1713498809.9208665,-2.4875437396607887,0.0715172677983744,0.1302607323452255,0.2290807707680712,-0.7066555146649336,0.1804127015566095,0.6446791769360867
1713498810.0608685,-2.4772327151725437,0.0742638122324597,0.1314321449053918,0.228971521297631,-0.7059035842960083,0.1804760226775457,0.6455234909367675
1713498810.1950238,-2.467300255816649,0.0770228985962566,0.1323132959960907,0.2283417528494845,-0.7055092453373776,0.1809309649604757,0.6460501022115701
1713498810.3197322,-2.457181250916193,0.0784140312999724,0.133211345464045,0.2289034251909732,-0.7039999299971865,0.1811975525671578,0.6474216303487776
1713498810.4406383,-2.451268497797225,0.0792787882201703,0.133284062361684,0.2290763042872734,-0.7048429913523341,0.181165055548555,0.6464515658606351
1713498810.5510645,-2.4488790106772313,0.0805368442195394,0.1363872269035676,0.2228673244278005,-0.7060702130667228,0.1815659982592698,0.6471698372130928
1713498810.66345,-2.449803307034063,0.0819546039660125,0.1370478317448507,0.2176011396058168,-0.7081634908673092,0.1847048972684236,0.6457850378956899
1713498810.7754395,-2.4480711660607515,0.0822820956882874,0.1381830147948692,0.2178006375122935,-0.7078479663588129,0.1847599819805853,0.64604789905971
1713498810.8841496,-2.4445346636916465,0.0824263127926686,0.1386849353373436,0.2181138155907508,-0.7077269006061655,0.1850310752162983,0.6459972900958139
1713498810.9958627,-2.439266397607298,0.0826725884297338,0.1390018040433538,0.2184707931724361,-0.7073256049903734,0.1853859045973858,0.6462144128942171
1713498811.1075964,-2.4325240630351788,0.0825469500528568,0.139251808291145,0.2191321331895839,-0.7064199473851843,0.1859938381356151,0.6468061984208862
1713498811.223729,-2.424745270342524,0.0820915851994675,0.1394247780686468,0.2202196414122046,-0.7051732444659609,0.1870386357745854,0.64749560118445
1713498811.3504484,-2.416134218980103,0.0811895085926466,0.1395033470360336,0.2219756007364032,-0.7035366824357022,0.1888411148198474,0.6481527616994902
1713498811.467806,-2.404684985695203,0.0789754256006079,0.1388197097295803,0.2271161088255729,-0.6992340417134484,0.1949149515900701,0.6492289193093965
1713498811.592579,-2.3921947254567284,0.0762603675481503,0.1372163813943259,0.2308024944086855,-0.692997918134962,0.1982449250822371,0.6535924140582382
1713498811.710079,-2.381749901004368,0.0730331906270786,0.136601340256489,0.2332970580551591,-0.6904976210165643,0.2007051746895727,0.6546013679531238
1713498811.8311756,-2.3722939140961445,0.0699596430746316,0.1357392814118863,0.2358985114839863,-0.6878046357020463,0.2033888099539182,0.6556749708292547
1713498811.9467618,-2.363806111849823,0.0660963527036949,0.1344142360746094,0.2434998689304588,-0.6831934127469937,0.2089182005273765,0.6559784753315983
1713498812.0636857,-2.3627667094258067,0.0624762104856844,0.1364566534720537,0.2584440640267756,-0.677941322688608,0.2169195583439217,0.6531065257432532
1713498812.171839,-2.363081787736678,0.0596748173134897,0.1381623394897841,0.2698867312927832,-0.673923820603398,0.2240955318004237,0.6502069123921259
1713498812.2836547,-2.3631824634834153,0.0569860507361026,0.1406573251339149,0.2816849800507966,-0.6706630268362133,0.2273154263837073,0.6474506725432173
1713498812.395187,-2.363221467652762,0.0540671176612916,0.143600288415598,0.2918469378850137,-0.6672317289804334,0.2287356489099172,0.6459931792261291
1713498812.5043335,-2.363103144576157,0.0517249610570359,0.146770026786533,0.3006555187877857,-0.6646093372562711,0.227991561376522,0.6449190149122005
1713498812.614272,-2.3630023420889734,0.0498490688507151,0.149928348482507,0.307511058774097,-0.6632640298432156,0.2252948853529157,0.6440186255704011
1713498812.7180057,-2.3629741804408884,0.0486853451705299,0.1485138204061676,0.3118090420974044,-0.6626747899650027,0.2202562799295465,0.6443014939938725
1713498812.824227,-2.363105880190049,0.0479383565014455,0.1455594753971379,0.3138102412366543,-0.6631418152637537,0.2137794184326222,0.6450305617552522
1713498812.9433663,-2.3652321884051086,0.0498551878060971,0.1401954759588934,0.3082767520937796,-0.6764953665950293,0.2121310993871769,0.6342868907416856
1713498813.0654771,-2.36883367683935,0.0499057264686351,0.1358434849368834,0.2953595765168364,-0.6899757783502649,0.2079474967236831,0.6272591047215617
1713498813.1901228,-2.372061876871322,0.050570379624433,0.1335039858996878,0.2827583466321143,-0.7030535323860699,0.2025400815427532,0.62027490951835
1713498813.312518,-2.3746916794556907,0.0515779327783625,0.1318382422711733,0.2701496528604843,-0.7144856285564677,0.1946651361780292,0.615333191370674
1713498813.441914,-2.374962881975971,0.0524982985952964,0.1305323318869903,0.263006894538617,-0.7165029857274124,0.1823778816588726,0.6198299388949187
1713498813.5780244,-2.3719171878306446,0.0588038500042124,0.1318631452512444,0.2545331674631308,-0.717609484923639,0.1747106360068708,0.6242801354158968
1713498813.7070277,-2.3641845151053813,0.0697603485956367,0.1345781859371617,0.2563520282815394,-0.7149033254390702,0.1800325602533799,0.6251281069674542
1713498813.8369346,-2.3538725296452037,0.0778024850608909,0.1362762609768589,0.260457842295508,-0.7123243969320003,0.1854508340373858,0.6247908882794855
1713498813.964203,-2.3410108021927427,0.0822856463171754,0.1383184172440324,0.2582178959020369,-0.7130237238163342,0.1846332319857747,0.6251649839502369
1713498814.0921974,-2.3280900319124425,0.0855074750963512,0.1402435773383992,0.2586732514672346,-0.7114107955179144,0.185211550484014,0.6266414529563493
1713498814.214389,-2.319692457053584,0.0870275073811113,0.1409632663089089,0.2591927324423913,-0.712138173325605,0.1863322853730674,0.6252668462098141
1713498814.3316166,-2.313727695311317,0.0880685750192967,0.1420426078398553,0.2581924134315004,-0.713918994278168,0.1850909938950148,0.6240173645294032
1713498814.452877,-2.315343691022206,0.0883759567234889,0.145509716919671,0.2459559106733349,-0.72025719258789,0.1809620604000593,0.6228868269806538
1713498814.568923,-2.3182648870150726,0.0888742285577184,0.1500501712826412,0.2367730618731857,-0.7239039466088998,0.1827600678196552,0.6216915238812661
1713498814.6759424,-2.3207490650197315,0.0886063727259438,0.1494110718662969,0.2309166811438539,-0.7260243847313262,0.1851315148484592,0.6207192613049171
1713498814.7881343,-2.321864193901545,0.0885291920816093,0.1474265001766136,0.2309109740557914,-0.7280502860055053,0.1861638850861184,0.6180339076438688
1713498814.8918922,-2.32060443466849,0.0883719923620812,0.1479304839665024,0.2337198783710412,-0.7269979511799664,0.189562385463846,0.6171831976420075
1713498815.0116854,-2.3190504877767784,0.0883939005853928,0.1480831124571656,0.2373667926314951,-0.7258133133276391,0.1944602474328468,0.6156600134169405
1713498815.1265898,-2.3167263974830017,0.0885564197555849,0.1481807920876247,0.2416252535930302,-0.7244996803490147,0.2001365636402885,0.6137286093172912
1713498815.2455626,-2.3124466973327373,0.088453738253215,0.1481954002158909,0.2506618310024338,-0.721438274887859,0.2122384135329755,0.609631296626365
1713498815.3627217,-2.3093634824938007,0.0878888267774952,0.1480923179132885,0.2596677273692443,-0.7182126547053509,0.2241063134617083,0.6054086341064081
1713498815.4773293,-2.308652942820922,0.0871361321394535,0.1476997936298112,0.2691357554247228,-0.7145710597571125,0.2366110413909165,0.6008072576138432
1713498815.596369,-2.307657270914878,0.0860654656540083,0.1486144596935572,0.2803483439126487,-0.7099781920102761,0.2471666099840435,0.5968621615115594
1713498815.7035933,-2.3070930725901966,0.0844434574415363,0.1494309716587314,0.2917971089783455,-0.705005831419333,0.2580153173033152,0.5926629066286199
1713498815.816997,-2.307398886725585,0.0827569354694271,0.1500435918970775,0.3033818389871403,-0.6997600740333093,0.2692305169253642,0.588056313049847
1713498815.932812,-2.3078118047796834,0.0810776148281918,0.1504046132679927,0.3140999271132582,-0.6945115779110588,0.2799342429451917,0.5836366365827625
1713498816.052631,-2.307165971244451,0.0785636137689838,0.1497339294444002,0.3250444488240021,-0.6875166964397984,0.2931808297006051,0.5794065062641873
1713498816.1684325,-2.3070696964292856,0.0764517033568888,0.1479749871640259,0.3326452867395904,-0.682692959079181,0.3061872401656441,0.5740442585667012
1713498816.278851,-2.307343190841819,0.0750971367703439,0.1465839364509156,0.337706893337783,-0.6792221142110056,0.3154507269998743,0.5701773518775767
1713498816.3908963,-2.307372422158686,0.0741040763273085,0.1454724732071754,0.3411199512736503,-0.676629288761479,0.3221467321511538,0.567478164687885
1713498816.499759,-2.307696225573423,0.0732062828090477,0.1459048290274469,0.3451986266443333,-0.6755343076316047,0.3253329424719408,0.5644907297007662
1713498816.6107385,-2.307830016412723,0.0711771325738527,0.1494316400816056,0.3517650075471194,-0.6737304725219475,0.323250173596698,0.5637889278182332
1713498816.725145,-2.3070162453104666,0.0700034031862456,0.147901306611377,0.3570949996699413,-0.6717081548465782,0.318141235027051,0.5657538956991749
1713498816.8388176,-2.305893172228219,0.0689958448443447,0.1425117976429002,0.3613306110698056,-0.6710090773932403,0.3055259542957514,0.5708247531523698
1713498816.9510577,-2.305632138785911,0.0685321142041105,0.13852496094945,0.3612701084120592,-0.6719531260333074,0.2940809884975018,0.575742370671412
1713498817.0710006,-2.305568428630795,0.0685358486270099,0.1354671613455654,0.3588109918034987,-0.673573422869523,0.2828224532771374,0.5810034217516503
1713498817.192103,-2.305441907660767,0.0687892565142973,0.132995318828075,0.3543950599316797,-0.6757302762263114,0.2708157981670805,0.5868999392999297
1713498817.30808,-2.3053837977379086,0.0692790154642872,0.1310124319722183,0.3483133932652488,-0.6783383527367353,0.258364417588882,0.5931127102013736
1713498817.422801,-2.3049093916148387,0.0712402216316491,0.1302789419593339,0.3400240571781393,-0.683827684355608,0.2488984838620258,0.5956617189144771
1713498817.5398002,-2.3006055937046055,0.0795975089455768,0.1313151707704253,0.3364912024261782,-0.6856251292770518,0.2467288586689648,0.59650374943794
1713498817.664205,-2.295740029876439,0.090683256261811,0.1340200828746232,0.3277894215686171,-0.6883509198749044,0.2406708032728073,0.6006701845997571
1713498817.7864647,-2.2939363674937696,0.0985969701148986,0.1366866367260414,0.3168193105103839,-0.6923694816495997,0.2329365430231488,0.604971563209722
1713498817.9031415,-2.29378661341678,0.1005807388908037,0.1382151804567364,0.3053105702110094,-0.6973029001670717,0.2237116905997019,0.6086930265947217
1713498818.024514,-2.2953975180430417,0.1006550778089692,0.1397506067574087,0.2935839557957579,-0.701180172165516,0.2139489809221925,0.6134987046633492
1713498818.1515603,-2.29883464783297,0.0994529472899705,0.1425902528557845,0.2770800294017671,-0.7094820821847876,0.1979195629759046,0.6170005502079242
1713498818.2638702,-2.302375223621345,0.0966399148484633,0.1452118266491337,0.2657098917954757,-0.7153468809848471,0.184868495177578,0.61927435984228
1713498818.3782408,-2.3047168911961986,0.0954683438474595,0.1481370048692046,0.2582411162377918,-0.7199615288264182,0.1784472430389663,0.6189697119778789
1713498818.4866133,-2.30667929531751,0.0957582506064288,0.1508970081444167,0.2500958915210864,-0.7231546879640091,0.1786431203410626,0.6185353489290313
1713498818.5956054,-2.308554772113551,0.0961654841043132,0.1547326492259791,0.2446357745042272,-0.7264439101467925,0.1801156864871434,0.6164340376103683
1713498818.7074935,-2.30959191544445,0.0976932781256949,0.152284346478721,0.2376316333703637,-0.7278187838236805,0.1863050616417965,0.615712147632153
1713498818.821952,-2.310449756976007,0.0987273322195889,0.1496548054074847,0.2365049608163567,-0.7305441688617385,0.1903190856443952,0.6116774202885431
1713498818.9319828,-2.308992679948197,0.0988870694375792,0.1503883743830673,0.239043431546875,-0.7298544892635385,0.1927912539637393,0.6107390561698529
1713498819.0478206,-2.3053156145212443,0.0991210425422544,0.1506937224523272,0.2449257216294345,-0.7280647312188077,0.2007706332431393,0.6079673435857678
1713498819.1692183,-2.3006713988563385,0.0993996155933341,0.1510991922165674,0.2501350030719522,-0.7262818031932907,0.2075947449574568,0.6056827919419085
1713498819.284776,-2.2966371924415023,0.099100770527469,0.1514530534175135,0.2557533284104574,-0.7241924545501748,0.214677785630744,0.6033647090576695
1713498819.398881,-2.292622699286189,0.0985834943167823,0.1515894975637097,0.2618776015592989,-0.7214968113352156,0.222579139992126,0.6010998248835471
1713498819.518093,-2.289859579079879,0.0977411645468107,0.1515036292220552,0.269293600424605,-0.718217010464928,0.2321812769386733,0.598111308443756
1713498819.638235,-2.2889864499594914,0.0967091240966618,0.1511117489722587,0.2782362047936877,-0.7143352933864543,0.2439031897416232,0.5939873205703596
1713498819.7902007,-2.2877104580503453,0.094868711920968,0.1516453824681406,0.2921188890807373,-0.7072504065840575,0.2588871792489554,0.589441129757197
1713498819.937786,-2.2864778607879535,0.0922173331962975,0.1525152192529137,0.3053872968237039,-0.7010699225064034,0.2712792225160291,0.584505899137618
1713498820.0954504,-2.285881189787451,0.0896061928186556,0.1528778596844983,0.3184517901459363,-0.6936794131338163,0.2843618281831766,0.5801169535701354
1713498820.246961,-2.2859046744128646,0.0869559402101757,0.1519178902081357,0.3275896955400678,-0.6885606313888201,0.2966697642350919,0.5749402571277212
1713498820.3969364,-2.285723628227121,0.0849402395304173,0.1499964597921988,0.3338335918397231,-0.6839703047441825,0.3085922738520048,0.5705353308134288
1713498820.5449452,-2.28599877254216,0.083502090556456,0.1498283744359892,0.3391125525187371,-0.6818424780365677,0.3139321238356218,0.5670450894710538
1713498820.6778913,-2.2865297207775033,0.08086100432296,0.1509496445950853,0.346969885117314,-0.6821428912814049,0.3096548722664047,0.5642754954608609
1713498820.784561,-2.286066273433115,0.0796313303573955,0.1486609777171303,0.3514184007024268,-0.6814797586016175,0.3026132758194695,0.5661410173815704
1713498820.9004576,-2.284947791930614,0.0789220043713421,0.1453450623805494,0.3544783271675186,-0.679304727933198,0.2930312241591757,0.5718591643437189
1713498821.0189772,-2.2838603864966456,0.0786123570128022,0.1421273508159646,0.3552706776886672,-0.6777612093545192,0.281893350633485,0.5787561036719716
1713498821.1321137,-2.2842370184339296,0.0786681885868979,0.1392266841592621,0.3526871059064482,-0.6796561066301344,0.2716199719712979,0.5830111258578284
1713498821.2621672,-2.2851634338870506,0.0792913518777763,0.1352833131279041,0.344876176797165,-0.6844526273989069,0.2547263540432048,0.5896605023912996
1713498821.381682,-2.285340724063389,0.0801065969959452,0.133273525998311,0.3362695464667243,-0.6876327133510921,0.2389618126378128,0.5974791174169432
1713498821.5095625,-2.283579292415343,0.084255926056997,0.1332110499597489,0.3294827811320565,-0.6933644913625672,0.2343833275876854,0.5964488534685414
1713498821.6412623,-2.2786104572795467,0.0944228372682404,0.1353120482489777,0.3265265939643533,-0.6930662450895984,0.2329948437550585,0.5989599036120858
1713498821.778471,-2.2743981352675124,0.1033771161987107,0.1378187060349941,0.3154132133226636,-0.6973704557761732,0.2249489069513471,0.6029817091201014
1713498821.8992157,-2.2725391665329715,0.108482599753134,0.1398937027230607,0.3038772210289688,-0.7023584223807179,0.2161844875279805,0.6063130778754857
1713498822.019345,-2.2735537070213407,0.1098971165167507,0.1415266658994109,0.2924069103615091,-0.7063888445398709,0.2068215389014306,0.6105226041097139
1713498822.1443963,-2.2761251179328847,0.1096583936865934,0.1433252794063979,0.2808627947606384,-0.7108282839000991,0.1970547431146286,0.6140103171306746
1713498822.2651207,-2.28032660837162,0.1087157007339639,0.1472466078353173,0.2667480227589086,-0.7183340652632423,0.1834277435804803,0.61578886472684
1713498822.3757842,-2.2831718901636124,0.1072492285383844,0.1498348397053638,0.2566362243644873,-0.724274694281542,0.1748039941657929,0.6156359144746227
1713498822.4879649,-2.285632556380503,0.1076558580595736,0.1535811761289238,0.2489154256404917,-0.7282051359735092,0.1734806399610159,0.6145428043503008
1713498822.5926242,-2.287713413726293,0.1081670486034208,0.1573682983881078,0.2423582577137972,-0.73092083265624,0.1756395714903547,0.6133253233266389
1713498822.703772,-2.289120787215083,0.1097394437211483,0.1557831507672189,0.2357589956306568,-0.7332749092232944,0.1812871572359609,0.6114413873006124
1713498822.8141837,-2.2899594970733146,0.1101350791389356,0.1532254067250993,0.2351926051477253,-0.7358068859405391,0.1842106766570303,0.6077327469306486
1713498822.924168,-2.288478673512821,0.1105724919101247,0.1536859075208334,0.2374967983886964,-0.7350447279288824,0.1866708847886038,0.6070078248847489
1713498823.0450687,-2.2836547498895916,0.1109224153356189,0.1543325911394102,0.242952119972635,-0.7329659271991059,0.1932818366190114,0.6052911271439051
1713498823.1643996,-2.2787082188451797,0.1108745826174356,0.154932891178818,0.2483987652074831,-0.7307201564178587,0.1998026660442472,0.6036762386326538
1713498823.2787757,-2.2746123796408697,0.1105281428044871,0.1552763826961785,0.2541712055213166,-0.7283354633069343,0.2069350645258311,0.6017493915601446
1713498823.3958886,-2.271289355342452,0.1099402288196655,0.1554176213050185,0.2610257043937992,-0.725510949577789,0.2155423997914876,0.5992002316259418
1713498823.5121238,-2.2684887931809836,0.1091756964737984,0.1551554381454486,0.2680856370157222,-0.7224601151417965,0.2253388843632472,0.5961575802160901
1713498823.6285405,-2.2662341967971145,0.1081871264663323,0.1548381552839579,0.2759116793575588,-0.7189683010318054,0.2360125264441013,0.592668047617723
1713498823.7511866,-2.265003071053835,0.1065884650923811,0.1540741487444842,0.2887400132901493,-0.7120771390661796,0.2531331340586297,0.5877916035349474
1713498823.870761,-2.2649456639053063,0.1050165178080328,0.1542302439592273,0.3021323009554841,-0.7054299325623884,0.2672708881075395,0.5827958092973697
1713498823.9864843,-2.2646742090172656,0.10353812531108,0.1548863863698794,0.3133081394980435,-0.7003198250545077,0.2779083553535614,0.5780632304381389
1713498824.101594,-2.264188495201744,0.1020149447866741,0.1554566813929011,0.3218253769926941,-0.6962322057704046,0.2860199530487899,0.5743533135880348
1713498824.2166314,-2.263618318904369,0.1005449179807055,0.1553309380923977,0.328373175880672,-0.6927294940967524,0.2936117696223315,0.5710420598430047
1713498824.3370736,-2.2631635844630953,0.0991085085210976,0.1548007058808913,0.3332894812859879,-0.6898412688879972,0.3005066932623081,0.5680958305670515
1713498824.4589057,-2.2630312172159286,0.0975831183159,0.1535798976848758,0.3377270106006566,-0.686819082707315,0.3088672854957056,0.5646423769877186
1713498824.5806596,-2.2639258036509275,0.0957155653632681,0.1564900069423757,0.3453200116302461,-0.6851161084271713,0.3090605985320525,0.5620067205793047
1713498824.6887374,-2.2636792709414206,0.0942638846938047,0.1552515886490154,0.3505460699198632,-0.684035871697602,0.3048044159895324,0.5624114571094014
1713498824.80266,-2.2630614336095736,0.0935240288948371,0.1521531339002367,0.3537641219260075,-0.6833279494719098,0.2979738506857154,0.5649118903120762
1713498824.916809,-2.2624403128422723,0.0929613990551776,0.1487525742860835,0.3549525210524849,-0.6836116588334887,0.2894267033470697,0.5682569762836691
1713498825.0347683,-2.262425277433686,0.0927896484898905,0.1455551531799263,0.3538588767693638,-0.6853387724882485,0.2800770727682123,0.5715343345464161
1713498825.159424,-2.2639152828567854,0.0928830234727148,0.1409216353154921,0.3476215308672925,-0.6908413925414217,0.2639580842788046,0.576388385876028
1713498825.27939,-2.2629858105051572,0.0924464853980404,0.1385389099623115,0.3405531578252252,-0.6945517853164578,0.2484834470102742,0.5829900005753793
1713498825.3987815,-2.2629189667913017,0.093199781788243,0.1369540100297488,0.333471214915551,-0.6967682524571439,0.2346677689294632,0.5901203177456545
1713498825.5125854,-2.262733698225584,0.0946206113892129,0.1359791741025467,0.3257300525085749,-0.6992747852147476,0.2222879497413447,0.5962405345625365
1713498825.6279278,-2.260276301464302,0.098138551444389,0.1371223576160104,0.3173918374521878,-0.703713387200462,0.2160873575377081,0.5977927267088045
1713498825.7488952,-2.2527621893728997,0.1066520168001313,0.140108465192238,0.3103139186050346,-0.7050538545219456,0.212478652950094,0.6012130705367679
1713498825.8845072,-2.2420687983928147,0.1159383141827222,0.1424400612400867,0.3052489782451358,-0.707555157832287,0.209346989964652,0.6019656117237662
1713498826.006153,-2.2405285339063012,0.1195224636101041,0.144307056797293,0.2932534095345628,-0.7130037284663236,0.1999902332266362,0.6046751422073101
1713498826.1260035,-2.242402588561854,0.1194380235250888,0.1456830332817625,0.2815396187528645,-0.7179625734588686,0.1905925678979777,0.6074040329524206
1713498826.2429972,-2.2467146651548826,0.1186749042666018,0.1490770270711414,0.2672892258312225,-0.72612976367786,0.176476222614036,0.6083980431490245
1713498826.359542,-2.2505478082626107,0.1181970856608876,0.1531565898864269,0.2548817869652958,-0.729693865249147,0.1707402949095134,0.611089101019933
1713498826.4742055,-2.2536110163438026,0.1173591020878438,0.1569142869558218,0.245591131289031,-0.7328384974129285,0.1687219023460605,0.6116908145545932
1713498826.5848565,-2.2558534014552887,0.1167552116317519,0.1596557963213018,0.2400543265278924,-0.7363222028261235,0.1696611343738749,0.6094412469003841
1713498826.6968794,-2.2571063149603057,0.1179756660422867,0.1585834897003761,0.2344483874558857,-0.7389726707000416,0.1736256331167197,0.6072952207144405
1713498826.8077111,-2.257694400131975,0.1186917780764612,0.1568488523840991,0.2348784428356439,-0.7410761708081012,0.1752672562073962,0.6040857679610042
1713498826.916705,-2.255783491407258,0.118355418889364,0.1575352344882273,0.2369437968449317,-0.7399628153842542,0.1777265121348741,0.6039254555569655
1713498827.0308597,-2.2522541885853458,0.1183808669353243,0.1581777282221605,0.2391805097316192,-0.7388270116652206,0.1803146596201151,0.6036670888200257
1713498827.1583068,-2.246236800125002,0.1184825596633828,0.1589716692438285,0.2457615831301287,-0.7361343852589655,0.1882850796557262,0.601877180059034
1713498827.2793834,-2.239540399360232,0.118650047289907,0.1584109575327107,0.2519891130866171,-0.7304459255909986,0.1965645664243721,0.6035831408345732
1713498827.3995805,-2.234324577773228,0.1182443402851148,0.1588705536502824,0.2579348032148921,-0.727767237819046,0.2035628247069274,0.6019855988685012
1713498827.5181556,-2.230354134210524,0.1171715828098702,0.1592094510010881,0.2647720249356514,-0.7250345273097177,0.2117993246780443,0.5994678932905193
1713498827.6380625,-2.2278400948755728,0.1158529253868114,0.1591885604019827,0.2728912799488016,-0.7216684715338791,0.2218768591384937,0.5962345393389221
1713498827.7637126,-2.2262352387122255,0.1143762210243255,0.1587701540253253,0.2854298469594248,-0.7158084626052647,0.2382229919255441,0.5910988525157609
1713498827.8878284,-2.2272141921129665,0.1124336452718295,0.1582024891628505,0.2985165643603675,-0.710271725316224,0.2545414964046563,0.5844746047749856
1713498828.0048213,-2.2282891496858133,0.1108046827803527,0.1577145782103197,0.3087528523226393,-0.7055695449220152,0.2673265509936601,0.5791198568474484
1713498828.123707,-2.2289985077817422,0.1090980414143102,0.1572470126496473,0.3173583279456918,-0.7013361477482186,0.2780696362537537,0.5745333558105297
1713498828.249885,-2.229103744818424,0.1071999404303154,0.1565621735348841,0.3260917852228961,-0.6964395963995885,0.2897963167460372,0.5697842846001926
1713498828.366073,-2.228550888658455,0.1054660745401456,0.1562245111039966,0.331588690700982,-0.6934318660189126,0.2969318373128968,0.5665974509108958
1713498828.477387,-2.2289891162911033,0.1039166788221714,0.1575882896941543,0.3380906112697846,-0.6914058123389443,0.299458763160167,0.5638946625050917
1713498828.590345,-2.2292435819487606,0.101733841786016,0.1609871283824314,0.3447665472975655,-0.6895071371945056,0.2975938809574222,0.5631641125276471
1713498828.698273,-2.228888179166442,0.1006023371889746,0.1595157774242701,0.3493653285780176,-0.6886752181831554,0.293131333589207,0.5636881516549469
1713498828.8054562,-2.2284742437604557,0.0998883575177598,0.1563525245926189,0.35195579518995,-0.6887934230171576,0.2866146146612465,0.565281170129611
1713498828.9205675,-2.2282118025958595,0.0994920203621962,0.1530114660842335,0.352658252517564,-0.6897651098794689,0.2785304573285041,0.5676944904300171
1713498829.038657,-2.2293406651927095,0.0992555949758644,0.1498134163780627,0.3486332337678158,-0.6962246920455762,0.2714558535282274,0.5657188047819338
1713498829.1608665,-2.2301327738916954,0.0992221334641534,0.1456564355174562,0.3425887772223281,-0.7012322310130524,0.2553189008569588,0.5707175718119792
1713498829.2760673,-2.2293226902243704,0.0985132766452798,0.1434765026321265,0.3350829524271652,-0.7046944213061851,0.2395470330413239,0.5777044283487311
1713498829.3969686,-2.229161902159893,0.0990155713411528,0.1418465927513252,0.3280152879807861,-0.7070309841908614,0.2257184598429443,0.5844350563844654
1713498829.51398,-2.229613976196596,0.0998712706641931,0.1408416365234618,0.3196653970517573,-0.7097537680650748,0.2126897278171804,0.59061552834837
1713498829.635658,-2.2300799282197925,0.1010200698311312,0.1403257274548065,0.3100334182686239,-0.7138087881900304,0.2009648179569466,0.594953305228977
1713498829.764753,-2.2280236721764437,0.1037733722689697,0.1422730754424051,0.2984698740479768,-0.7166868299613302,0.1917973528451968,0.6004077760050575
1713498829.897538,-2.219615021206521,0.1079166101669476,0.145163486357162,0.2969615112052813,-0.7152822475785576,0.193814392405602,0.6021803288534838
1713498830.029784,-2.2088947329595103,0.1123387892083909,0.1471100717081478,0.2999790133538725,-0.7130609570103885,0.1985507615399657,0.6017759202781097
1713498830.162145,-2.207948892195259,0.1133279871060579,0.1499998250083063,0.2858424976919566,-0.7221643151957873,0.1857239125589433,0.6018964999689079
1713498830.2810535,-2.2104798487743187,0.113612667447977,0.1523599047216527,0.2730941034179429,-0.7276864097921035,0.1784016157946958,0.6033779604560234
1713498830.398862,-2.2138239024098647,0.1127018647175922,0.1558074767016201,0.2643146069601289,-0.7314495792184822,0.1727159423551278,0.6043910198414586
1713498830.5167458,-2.2171512985279644,0.1123572783237401,0.1593218351969204,0.2560431399072639,-0.7344717317726334,0.1720104518504099,0.6044878743097798
1713498830.6327786,-2.219061845100273,0.1129140533459702,0.1629729276980453,0.248715613955359,-0.7371171573987833,0.1745984306286423,0.6035844826245631
1713498830.7506442,-2.2205727998620977,0.1138049666407662,0.1599511649293424,0.2447624111776836,-0.741330553923566,0.1800970050886708,0.5984024069570214
1713498830.8587968,-2.2191325576109957,0.1142200184059612,0.1602782372699314,0.2473533519417527,-0.7394182325620204,0.1834214008638739,0.5986932322510182
1713498830.9759445,-2.214475865314828,0.114932640104309,0.1604446386720914,0.2509727511627713,-0.7336866511045691,0.1861003251479595,0.603393109957825
1713498831.0967484,-2.209103773059736,0.115243290660207,0.1611708959818345,0.2528479221315302,-0.7329802975931659,0.1884168805534967,0.6027494427508756
1713498831.2159855,-2.202679770055087,0.1153352674784216,0.1620677471383533,0.2551294254408107,-0.7321869248493664,0.1912749506056543,0.6018514572755262
1713498831.3369107,-2.1961210994332103,0.1151364066906273,0.1629163807301756,0.2583420413381627,-0.7307916675340308,0.1950910456711588,0.6009512561256491
1713498831.462552,-2.188598554468587,0.1135006451657022,0.1636438494871525,0.2669922801135275,-0.7270785807692096,0.2057074100685204,0.5981273452947234
1713498831.5857637,-2.182873194786956,0.111798532495517,0.1640918446326986,0.2754121191078333,-0.7237208973346665,0.2159804294353167,0.5947509407395452
1713498831.7081685,-2.1798497661115563,0.1101262552231269,0.1641673561437697,0.283834790828543,-0.7203243275550434,0.2263624378269926,0.5910420639757484
1713498831.8303032,-2.179380324461028,0.1088325375874533,0.1639738784596701,0.2934424539063852,-0.7165120753846268,0.2383342156593045,0.5862582824314537
1713498831.9531553,-2.179696138781201,0.1065800549205365,0.16339846024228,0.3064033567120013,-0.7102159050423792,0.2547591170939128,0.5803517411690796
1713498832.074776,-2.180490021952474,0.1039954161493932,0.1629273447885151,0.3175549426224966,-0.7049728114607873,0.2682739144352223,0.5746314474084231
1713498832.1957514,-2.18081745732954,0.1023162456050128,0.1626070737799428,0.3252629796731207,-0.7011303518723907,0.2776328239887654,0.5705613365638125
1713498832.3245535,-2.1808510391141573,0.1008252680050349,0.1616293408362638,0.3303341684762307,-0.6981548930551603,0.2858425990650192,0.5672328366729218
1713498832.446275,-2.181177006179055,0.0988867714264773,0.1615002010414225,0.33706589103692,-0.6955272629168884,0.2929071462200477,0.5628799297648269
1713498832.55734,-2.181957541467086,0.0960545412932983,0.1657914476121793,0.3453862579268006,-0.6939652909376088,0.2918809671380052,0.5602910037041325
1713498832.664467,-2.1815029335567107,0.0946946809051246,0.1644824927679417,0.3505043825301929,-0.692923383460118,0.2873878630189284,0.560724601449521
1713498832.775737,-2.1810197810978775,0.0940248105394137,0.161393017255475,0.353452667432403,-0.6925406273170485,0.2807227944438166,0.5627196496301536
1713498832.8919158,-2.1804044590094636,0.0935400808531803,0.1582094314538677,0.3548834400594479,-0.6926421243331159,0.2719911307721925,0.5659730173357603
1713498833.0076337,-2.1813813291299256,0.0933040321056577,0.1549653302704873,0.3505859854731628,-0.6993538744733059,0.2651018971739006,0.5636617861482056
1713498833.1278784,-2.1829529575524225,0.093437792780413,0.152027658429881,0.3443783689643987,-0.7067998190678169,0.2568540305055727,0.5620174034388654
1713498833.2520254,-2.183981316250236,0.094047507424385,0.1479963522960118,0.3377724537502265,-0.7105478901057726,0.2392723386747378,0.5690168831404809
1713498833.380864,-2.1837110576310748,0.0940581997396118,0.1462086226375301,0.3289639340393364,-0.7143041789570643,0.2231372791529151,0.5759878685164052
1713498833.4957666,-2.183647467458339,0.0947164695496718,0.1451202260510211,0.3205593254755316,-0.7168588476874763,0.2091266541979336,0.5827702410443021
1713498833.618139,-2.184163953806162,0.095743661120259,0.144643425777892,0.3111478063299397,-0.7198388319135783,0.1962576690812304,0.5886442270269572
1713498833.736838,-2.1846489365475104,0.0973821756138601,0.1443258217165269,0.3005393466884062,-0.7227494811229579,0.1854135264215115,0.5940800559255802
1713498833.8656824,-2.1830223380366194,0.0996797918329093,0.1458061544820346,0.2901077164169646,-0.724888672341371,0.1750281979604659,0.5997825068349449
1713498833.994661,-2.1773422928442763,0.1037904141477867,0.1474593076396959,0.2895920590317503,-0.7230456930524444,0.1756448844680863,0.6020716233673984
1713498834.1339097,-2.169127603794376,0.1079567928743285,0.1500499688343881,0.2921502127855026,-0.7227396597150855,0.1823315023469877,0.5992085285576286
1713498834.2663286,-2.170204552017202,0.1088623495399224,0.1543750134143308,0.2770130809533718,-0.7296532362654222,0.175604445827228,0.6000274880318642
1713498834.3843374,-2.1748505978903876,0.1078396738657723,0.1581372097806017,0.2640720022156025,-0.73406475887321,0.1688466516562586,0.6024165632274141
1713498834.4996464,-2.1774245871784736,0.107996649341042,0.1616793290022437,0.2551104882631658,-0.7370762021052539,0.167919721373435,0.6028600818117684
1713498834.6190786,-2.179335819171509,0.108534664401349,0.1648539336874267,0.2481091038405556,-0.7401288723348962,0.1704269438881067,0.6013366625482529
1713498834.7222614,-2.180276046035045,0.1087506620353821,0.1646566089500685,0.2462112215375708,-0.742343158661149,0.1723141874810736,0.5988442952643893
1713498834.8398275,-2.1795179939979468,0.1092513725866222,0.1649257233745809,0.2467465953882389,-0.7423994659845419,0.1740842114290592,0.598041669034276
1713498834.9614985,-2.1754843599508797,0.1099491980813148,0.1656524663235885,0.2504476489582402,-0.7411900727139238,0.1787386410890479,0.5966286528681464
1713498835.0796142,-2.171274375946629,0.1100720232530784,0.1664880087646094,0.2547653501339261,-0.7394286355587217,0.1835930765098508,0.5955111179017175
1713498835.2007666,-2.1670965106651474,0.1101423886895177,0.1670736136327653,0.2592526487248308,-0.7376358708864964,0.1891131850541051,0.5940686739337225
1713498835.3186605,-2.1633727231369595,0.1099622746893917,0.1674320173160996,0.2648617893998559,-0.7355132734774552,0.1962981666862836,0.5918914485021629
1713498835.438273,-2.159746231104885,0.1095993887154328,0.1676909506049174,0.2712753708021481,-0.7330619408611913,0.2045945703972898,0.589212122941245
1713498835.558187,-2.155519414385376,0.1077864726179943,0.1679457574648395,0.2834726831509602,-0.7277867595750714,0.2200368700804627,0.584425740620317
1713498835.6856368,-2.153823693113934,0.1060894237019571,0.168101488609287,0.2955773491914418,-0.7228641625872605,0.2344261261133998,0.578917804603938
1713498835.8053937,-2.1545663151264596,0.1043065956828198,0.167891101372388,0.3070258183820393,-0.717999543180404,0.2481904583352319,0.5732480259284962
1713498835.9212377,-2.1549245177670655,0.1029463029171278,0.1677626025226094,0.3171927641266742,-0.7134394123943368,0.26036688595294,0.5679806686211004
1713498836.0359173,-2.155206542156375,0.1012129873907939,0.1677020017523816,0.3264784471158738,-0.7089899113940712,0.2711699144434911,0.5632157726936847
1713498836.163647,-2.155140404743162,0.0990124084460279,0.1671127414997212,0.3365451221811848,-0.7034140578912037,0.2844676918610464,0.5576954152441372
1713498836.2826917,-2.154969108518769,0.0971132482900444,0.1659942079986713,0.3431301974277533,-0.6996332280314385,0.2952478923435366,0.552814341270376
1713498836.3947625,-2.1549180381785327,0.0958935144791244,0.1650674112023566,0.3469496612726241,-0.6972244708023704,0.3022451495121432,0.5496833992886707
1713498836.505884,-2.154903365727576,0.0951235211873727,0.1645387837526391,0.3495807575654299,-0.6958288033353225,0.3065008996323388,0.5474237562560474
1713498836.617465,-2.155965369880757,0.0931367937770471,0.1676794503586796,0.3544017127941606,-0.6964780012836914,0.3057736037356729,0.5438936687946823
1713498836.7216444,-2.1565561985993615,0.091996277431198,0.1661874108903872,0.3566294677668929,-0.6989980106712073,0.3028653195652488,0.5408232631855228
1713498836.831099,-2.1566616969892394,0.0912122345221505,0.1630820922048231,0.3579382575012415,-0.7012560094091568,0.2974004695147506,0.5400677492842223
1713498836.9501455,-2.1550998396819043,0.0910905472068955,0.1578632099062077,0.360121959451393,-0.7011826468647299,0.2814586737317726,0.5472075337911684
1713498837.0648932,-2.154741146407113,0.0905938766921991,0.1544008114542883,0.3578820168369389,-0.7032038112476825,0.2684221715306263,0.5526069124633185
1713498837.1862366,-2.1552711503855555,0.0898209166846719,0.1523138313162695,0.3520719344773937,-0.7072099381280476,0.2570091500362204,0.5566379013002335
1713498837.3066938,-2.1546723172506064,0.0887805381084679,0.1507598988149419,0.3451211437468555,-0.710580887577348,0.243975795325856,0.562531785451957
1713498837.4315195,-2.154464448761616,0.0879986057960204,0.1492544114548836,0.337258097345619,-0.7139869869399528,0.23004086181032,0.5688240150985066
1713498837.5575814,-2.1542695323766416,0.0890914554391582,0.1479941330170162,0.3249698736876347,-0.7170922194461392,0.2101018604837393,0.5796814109720306
1713498837.6805408,-2.154670730927762,0.0898511479227401,0.1482451884949957,0.3123222873548966,-0.7216931265388574,0.1955217513306787,0.5859906694517911
1713498837.8068376,-2.155917907745307,0.0899706521616389,0.1485026211723029,0.3007624250327578,-0.7253267663807385,0.1824620335640144,0.5917352887632789
1713498837.9297075,-2.1543326379950205,0.0926899293799134,0.1498952755828395,0.2951558778171715,-0.7260779881766742,0.1781448634865776,0.5949438380961994
1713498838.0615575,-2.149499259185527,0.096840865380795,0.1520523145413249,0.29159516384877,-0.7255316442869282,0.1773235378596919,0.5976056027843427
1713498838.18849,-2.1415644131109204,0.100875156094915,0.1540066223003985,0.2898099672150135,-0.7265815077366309,0.1790591402401944,0.596680249224356
1713498838.306316,-2.1431281708176497,0.1017102438138014,0.1569269286547175,0.277854617619338,-0.7309966144585569,0.1746255104154744,0.598286463351691
1713498838.4201777,-2.1461483071607113,0.1007841208693965,0.1600003811864577,0.2685788378695174,-0.7345449072744024,0.169947903936199,0.5995222239363538
1713498838.5350523,-2.148689881766108,0.1011814675698753,0.1627007029340632,0.2610203524564227,-0.7389015871119047,0.1686328564469633,0.597876057300818
1713498838.647119,-2.1511742153731723,0.102335681683585,0.1644223110159019,0.2523214910302981,-0.7432613596264579,0.1733744350856349,0.5948426024665799
1713498838.754448,-2.1508665642286955,0.1021761651949119,0.1669817556175599,0.2537209759705355,-0.7427554374184325,0.1746193955209135,0.5945150067456859
1713498838.8677394,-2.1477742543323695,0.1024049668221146,0.168112864970278,0.2549049928929857,-0.7418666358962663,0.1755641314921608,0.594839957362976
1713498838.9816396,-2.143877934293535,0.1026694769710242,0.1688873262077515,0.256579381189905,-0.7411719752922612,0.1775699924484165,0.5943904625508746
1713498839.093623,-2.138386375802093,0.1029736390472974,0.1697294677789857,0.2584675369600749,-0.7401916115328067,0.1799074499193618,0.5940910873071328
1713498839.2052968,-2.1322933498283487,0.1030405953838768,0.1705889300040732,0.2611563329349425,-0.7388641196205069,0.1831558733757064,0.5935748550548355
1713498839.322104,-2.1263526645111632,0.1027146019526949,0.1713551541032635,0.2651124219351543,-0.7370903314352569,0.1878643899800188,0.5925539789907543
1713498839.4399967,-2.121444227080319,0.101957548960216,0.1718655190639101,0.2705060428008278,-0.7348487434409268,0.1945303616984886,0.5907467676161954
1713498839.5605338,-2.115723633188635,0.1002033806460878,0.1719630988950548,0.2805771226140267,-0.7304319361046916,0.2083335027691502,0.5868073079026214
1713498839.6758726,-2.1120121442042956,0.0981632464685967,0.1721435156760735,0.2913678513948919,-0.7258155852209426,0.2210323227086305,0.5826158457696914
1713498839.788293,-2.111089371235956,0.0964295002238691,0.1719351119127318,0.3014327579731601,-0.7214822690308588,0.2332718424618322,0.5780881207992775
1713498839.896792,-2.1114753049740167,0.0945523136402832,0.171815907028295,0.3119756227630639,-0.716945871575673,0.2454560289413942,0.5730716934978716
1713498840.019228,-2.11203002053925,0.0927419241495998,0.1716228621352689,0.3216506301281013,-0.712544685279909,0.2567294948526558,0.5682525055732276
1713498840.1359062,-2.112584824194801,0.0908240674194723,0.1710660538386867,0.3298773473134032,-0.7084787132214153,0.2672643360035591,0.5637451758925985
1713498840.2548797,-2.113025223037911,0.0884416413082573,0.1689271836661889,0.337683884779874,-0.7036067957754158,0.2818042706691012,0.5581159592157181
1713498840.3680856,-2.113294672757946,0.0869695591117706,0.1677076646666936,0.3427552992394864,-0.7005375026406452,0.2908913277813705,0.55420957016173
1713498840.4773333,-2.113879974469589,0.0856279837566163,0.1681466626987465,0.3471009273637243,-0.6993927521587272,0.2948621225159781,0.5508421308836644
1713498840.5854108,-2.1152306282998627,0.0835921444304956,0.1714354024489393,0.3513084106205414,-0.7009846441138726,0.2945788187285806,0.5462840368345852
1713498840.6941087,-2.1163338938045677,0.0826173242331502,0.1698555421728652,0.3523350020565901,-0.7051348218788216,0.2924252634810176,0.5414170246471409
1713498840.8062823,-2.117546073249197,0.0819176674565138,0.1666351929354302,0.3511968837038608,-0.7104705448149142,0.2882925175220391,0.5373823389058302
1713498840.9198122,-2.1168379634274905,0.0814727465842455,0.1633909394540322,0.3529050261294079,-0.7106032085107483,0.2797127651705871,0.5406125151968423
1713498841.0556197,-2.1162634274552525,0.0813408707156869,0.1603498717274549,0.352912421138374,-0.7111651442633822,0.2694777372682934,0.5450492727339927
1713498841.1965094,-2.1158642624992803,0.0817375888815836,0.1558232328664777,0.3507301162173843,-0.7114706299625927,0.2509072303499455,0.5548364534138785
1713498841.3200057,-2.1161390443203323,0.0821782939831872,0.15320209285005,0.3434798510443718,-0.7160468072431591,0.2361147918675445,0.5599538970529276
1713498841.4383304,-2.1164751076842103,0.0825738374624206,0.1517183866075108,0.3357792929664403,-0.7196786646230661,0.2229216604038611,0.5653501741612038
1713498841.5623686,-2.1167425128214283,0.0832713887404362,0.1509722408678447,0.3216710900993498,-0.724433768494876,0.203118972633794,0.5748618162783127
1713498841.676375,-2.118693185013266,0.083065094910247,0.1514725815488171,0.3064073082030186,-0.7296143187163293,0.1863290996127592,0.582287707273119
1713498841.79128,-2.1191136580311367,0.0835728161280686,0.151982821986767,0.2950860125761216,-0.7329972366360221,0.1738249374039347,0.5877279875949406
1713498841.913829,-2.119936437246185,0.0849829436595704,0.153093137359369,0.2841956241413552,-0.7359297175532727,0.1630594019156128,0.5924963539869157
1713498842.027519,-2.119912888306237,0.0861567403378362,0.1550063506731384,0.2738011767372842,-0.7394824016087671,0.1555135146356801,0.5949909579933689
1713498842.154916,-2.1198011433431363,0.0884076028410042,0.1584725216861818,0.2601785032436526,-0.7395010672358978,0.1445463513088169,0.6037811443976774
1713498842.271953,-2.12007265266637,0.0899968202486451,0.1621052669504618,0.2495479759607154,-0.7398103271094886,0.1376023810175103,0.6094850878687464
1713498842.3860238,-2.1202830663060963,0.0914244913888037,0.1655198420784506,0.2415742801288672,-0.7399822979896736,0.1344525183427554,0.6131807124766994
1713498842.4947407,-2.1205597014731294,0.0930944685111847,0.16834450487995,0.2356926567981846,-0.7405007846158757,0.1331682478739455,0.6151209452399334
1713498842.6001637,-2.1215184039988353,0.0940723994049274,0.1721152778719179,0.2296020093964665,-0.7430383782366526,0.1353841789444829,0.6138794750112422
1713498842.7206073,-2.12202436827101,0.0947520086635029,0.1720156935670258,0.227112597625919,-0.7437651648051097,0.1384824225583616,0.6132339408940141
1713498842.8564434,-2.120440079065968,0.094795226335457,0.1728915412769695,0.2278805368183579,-0.7434509308983566,0.1389683243826066,0.6132201718013153
1713498842.9998567,-2.1165799291531755,0.0950531972921396,0.1733694841352537,0.2314788118781249,-0.7428360656579218,0.1440757761338101,0.6114362680940603
1713498843.1440048,-2.1118818570552804,0.0948588570714116,0.1737800349540117,0.2352155856668947,-0.7410652372188061,0.1483958583385515,0.6111256922051135
1713498843.293321,-2.1046480166621286,0.0941547836024324,0.1740990586963778,0.2430369036631145,-0.7379928012918019,0.1583427788484582,0.6092842137179276
1713498843.4406638,-2.097725712570958,0.0931627659679144,0.1739892902679439,0.2491108634761385,-0.7348229271485556,0.166308062833854,0.6085397864326145
1713498843.591623,-2.089902209763881,0.0908733364682944,0.1730834553350087,0.259546543579587,-0.7281757051702565,0.179147261705703,0.6085244389003927
1713498843.722157,-2.0837678762311476,0.0885800169247877,0.1726903868905704,0.2689739039099804,-0.7233735972799272,0.1898389554320219,0.6069142021523315
1713498843.8397892,-2.079889272124516,0.0865016671741824,0.1721750417764379,0.2770954082139066,-0.7194475306843073,0.1993788113825042,0.6048648402004542
1713498843.9630277,-2.076972621080062,0.0843795948200551,0.1713641699871352,0.2878893075313936,-0.7142891284844411,0.2126528881589671,0.6014062991819108
1713498844.0779922,-2.076403056034442,0.0824302941076899,0.1707637332089292,0.2983002402781343,-0.7103355665648513,0.225433839632965,0.5963387740800843
1713498844.195063,-2.0765546705485787,0.0806242291738938,0.170228862931542,0.3059676932149494,-0.7072344766806542,0.2349858270840027,0.5924397241682996
1713498844.3093596,-2.076592077833704,0.0789947556140894,0.1696670571541298,0.3116788576549977,-0.7049151872584721,0.2426333371667793,0.5891349014941663
1713498844.42308,-2.0772154151444964,0.0762140405989192,0.1722786987273381,0.3213590249136497,-0.7019679292922884,0.2451570719817184,0.5864020919207192
1713498844.5315406,-2.0772063741556206,0.0737689751768467,0.1751307022195131,0.3301067920647826,-0.6989816337162896,0.2448323069474931,0.5852446693774952
1713498844.641429,-2.077498544665863,0.0713755215681406,0.1757135553375619,0.3383225022537428,-0.6983406625453102,0.2394906423899861,0.5835258655039853
1713498844.7522624,-2.0767478372179613,0.0701891533604333,0.1732481027815952,0.3438505017994588,-0.6958331359826555,0.231247686603274,0.5866068416933422
1713498844.8681352,-2.0773626436331507,0.0696547110348696,0.1694144991573973,0.3411536659711204,-0.7003362304187596,0.2266079257134784,0.5846299586585879
1713498844.9962108,-2.0796800488657334,0.0710950958165816,0.1551381644584534,0.3227364683441404,-0.7078087422823233,0.2363957366197818,0.5822070182138466
1713498845.1232698,-2.0843552074319645,0.0721686584400409,0.1521203476904545,0.3178852401248522,-0.7159744123940507,0.2313205795134541,0.5769058886866373
1713498845.2350895,-2.0866235166310885,0.0711326260030901,0.1536983967750914,0.3151882100758456,-0.7230398703601045,0.2180917618874337,0.5747222994591936
1713498845.3528285,-2.088285844103441,0.0713914177131914,0.1522007530869524,0.3080815478261665,-0.7272269062546949,0.1985261373746834,0.5803569242176294
1713498845.4710822,-2.0889953867426603,0.0719929051313611,0.1519010293344433,0.2984553102667084,-0.731666506690678,0.1814553474632903,0.585373818715562
1713498845.5879252,-2.0898198201574627,0.0712754679699609,0.1523776591669133,0.2884940314346464,-0.7360620691099157,0.1688326801420276,0.5886249657976418
1713498845.7143085,-2.089922745777188,0.0697618555412672,0.1527006442403472,0.2810560293806795,-0.7390422846512353,0.1599636931888507,0.5909616118730829
1713498845.8432236,-2.0900975112957347,0.0700264290521666,0.1535079462715752,0.2719751653180393,-0.7418002411791055,0.1494956940471636,0.5944854490214231
1713498845.9711604,-2.091442203822565,0.0718016404655129,0.1563135182762555,0.2550359780275249,-0.7468116430246011,0.1350523244168701,0.5991576498919464
1713498846.0885603,-2.0910855182137573,0.072893889045569,0.1590044056627289,0.2426703423859022,-0.7507296118957373,0.1252876816662216,0.6015140493553646
1713498846.198922,-2.0914797677850965,0.0744834621976043,0.1618775539038927,0.232702411099869,-0.7516995645018714,0.1174233828180426,0.6058127613079574
1713498846.3129306,-2.0911598656490016,0.0759723121745381,0.1649669107438204,0.2252790811433511,-0.7495709470662374,0.1115450681664812,0.6123319595457732
1713498846.4312842,-2.0901633787024068,0.0773386274914469,0.1683931525284513,0.220097673449206,-0.7449071957328312,0.1075496488991254,0.6205669640815336
1713498846.544585,-2.0891254982179537,0.0790787589713683,0.1744569716566327,0.2132779150282477,-0.7398213231137594,0.1074680634927442,0.6289893132291912
1713498846.662604,-2.089010951005196,0.0800773400115348,0.1753072898534761,0.2096924358941722,-0.7396968276493018,0.1099344376850708,0.6299143631520043
1713498846.77343,-2.0880182077630924,0.0801240711095546,0.1765164261474209,0.2112465849726444,-0.7389876712647538,0.1107718105255876,0.6300807155031608
1713498846.8814716,-2.084288198107739,0.0799402971380686,0.1767637806526378,0.2132123239774345,-0.7362785426354355,0.1116537926825082,0.6324301092914475
1713498846.9976308,-2.079360257019229,0.0796524273767477,0.1768787410358068,0.2149426234610302,-0.7346190896399191,0.1132824214416503,0.6334836657315029
1713498847.1111553,-2.073750795025249,0.0793670542091741,0.1738064073193256,0.2132205702410483,-0.7342233922222947,0.1193477495701053,0.6334106988457177
1713498847.2285402,-2.0667401835988426,0.0791503509099905,0.173185487902046,0.2151225906779355,-0.7321316977520684,0.1227990020578198,0.6345280555028996
1713498847.3494248,-2.0570197308606177,0.0766486160847081,0.1736105555835432,0.2247447258545419,-0.7266865917073404,0.1304019970055942,0.6359337424687331
1713498847.470425,-2.0480393655964546,0.0741242181052416,0.1731995079729997,0.2314544245812683,-0.7225154692424081,0.1367002602187493,0.636956266083711
1713498847.5930789,-2.039661828081817,0.0718859359206319,0.1705121545413981,0.2392156184728314,-0.7131402612295651,0.1429379850440736,0.6432539064192527
1713498847.711855,-2.0322556814768133,0.0701244892308994,0.1694531289548392,0.2445007438258674,-0.7099780351640678,0.1488169832307787,0.6434314892475015
1713498847.836442,-2.0271305651333025,0.0670327147369453,0.168814610142401,0.2514766778241544,-0.7074797256344086,0.1563332483332124,0.6417100854688
1713498847.9601026,-2.0267002017893563,0.0629437966290565,0.1701875548529772,0.2709827733594496,-0.7034080078376086,0.1722531559395242,0.6341248783332997
1713498848.0764444,-2.0270991664760425,0.0596291653298833,0.1716855975280887,0.2861580458895844,-0.6993301614137671,0.1829616247596448,0.6289482824326337
1713498848.192291,-2.0275678222556586,0.0563740763539784,0.1734904618630014,0.2986004353525269,-0.6957702851876891,0.1899026413667395,0.6250427801831316
1713498848.3040123,-2.0281675826922902,0.0532108464337867,0.1757626547508674,0.3095291145816585,-0.6927311096171574,0.1944507101020495,0.6216946664848308
1713498848.4170213,-2.0285466477170044,0.0506393673488308,0.1783830993786453,0.3192333961952893,-0.6903753718086463,0.1966201012757868,0.6187183693151466
1713498848.5266776,-2.0287241830910445,0.048117562340911,0.181350022984573,0.327499569701965,-0.6882544352871566,0.1965806446348521,0.6167705523997812
1713498848.6349957,-2.0291060498613125,0.0457021194621882,0.182203563837289,0.3354670516693026,-0.6877677335805045,0.1909625832661538,0.6147932121308426
1713498848.754873,-2.030562241579593,0.0449266148713287,0.1800642585258653,0.3339410568218418,-0.6944720442631505,0.1884626084497889,0.6088298576137455
1713498848.867653,-2.0329951545269576,0.0451132294844391,0.1770930052098943,0.3284268791178787,-0.7027687643570902,0.1839686099306357,0.6036616597706771
1713498848.98727,-2.0348859180011187,0.0457393477983668,0.1732650076342153,0.3214571731899865,-0.7097992725912058,0.1785458585792236,0.6008091667226011
1713498849.1025376,-2.0375900995850236,0.0465191272378052,0.1702696280739656,0.311525404210105,-0.7198502089593479,0.1721162791843254,0.5959392465953701
1713498849.2181602,-2.0402431989395646,0.0479583607100324,0.1667351463109412,0.298885732960249,-0.7303656284703588,0.166534323483806,0.5911849849951399
1713498849.3386354,-2.0430315895098703,0.0492143771357554,0.1647195668140172,0.284471315137866,-0.7428467968268262,0.1591530582851597,0.5847435432275738
1713498849.4685197,-2.045667881510317,0.0509952088449394,0.162232491613095,0.2703223871108406,-0.7497195018280979,0.14224531914551,0.5870372601347531
1713498849.586675,-2.045925503610151,0.0521838441701244,0.1615436579729349,0.2600244860543159,-0.7507400775835037,0.1252442518311988,0.5942141700980773
1713498849.706401,-2.046237427613921,0.0534919133262154,0.1616381448189633,0.2492772655977011,-0.752911821256275,0.1119345098911559,0.5987113659887534
1713498849.8214552,-2.046590011053759,0.0544843825316924,0.1623686967392768,0.2390532324739741,-0.7547300549789568,0.1012350982668189,0.6024844819861441
1713498849.9423585,-2.041910131190998,0.0562057692008158,0.1633992470553149,0.2399086801838812,-0.754402377225306,0.1044437800850034,0.6020069561149529
1713498850.0708635,-2.0372270751675305,0.0572608977768514,0.1660576970368531,0.2326296106223171,-0.7558895596609022,0.1012439823914793,0.6035429511533296
1713498850.1941798,-2.035939955094807,0.0585562488068206,0.1690425973583679,0.2224014976767693,-0.7547380237358687,0.0923993462352497,0.6102216402043638
1713498850.307897,-2.0357142061071367,0.0598923231731339,0.1722171171991884,0.2143336787837436,-0.7528163328289637,0.0862759503290315,0.6163481999323113
1713498850.423498,-2.0356876400051633,0.0611640811222652,0.1755185278311795,0.2070383519336804,-0.7519725465742589,0.083101113177741,0.6202955868098933
1713498850.540861,-2.0358987839861236,0.06307967627855,0.1814418140071824,0.1979128833748216,-0.7514503240643866,0.084235078034495,0.6237446213686458
1713498850.6510792,-2.0354650338529896,0.0648142144865716,0.1811462740458677,0.1940868495018494,-0.7495324477074294,0.0876726042814955,0.6267734193013105
1713498850.766317,-2.033555984751376,0.0657224114323949,0.1799565537644002,0.1964768851633347,-0.7431285587479104,0.0904979948808555,0.6332194656612444
1713498850.8792348,-2.0288271461010847,0.0659373503393404,0.1783432554434526,0.2065151110887175,-0.7257886941759949,0.0924941887833614,0.6496361330311198
1713498850.9965477,-2.0226757809920133,0.0652885178672546,0.1780284507074552,0.2098140522807805,-0.7202515338693629,0.0929578976726079,0.6546561087201715
1713498851.114637,-2.015066596943314,0.0648693207279494,0.1769258008365072,0.214383404815447,-0.7126428935568667,0.0944847641193751,0.6612507023451383
1713498851.2312026,-2.0087069301727136,0.0637650373892131,0.1767942877931225,0.2167242262316844,-0.7124054831792569,0.0973775139234546,0.6603231459539296
1713498851.3549926,-2.0002784672555403,0.0616511389753623,0.1753166930004705,0.2234971328446417,-0.7099224047989788,0.1063709816430055,0.659351518568785
1713498851.4823055,-1.992452022248404,0.059383935409328,0.1740444823188153,0.2294475994877755,-0.7075102823752143,0.1136800589609976,0.6586803804708822
1713498851.616409,-1.985602305489615,0.0571695475190735,0.172354781551251,0.235187627241719,-0.7043489503172148,0.1206423705972531,0.6588055514308628
1713498851.7501223,-1.9798192436398172,0.0546467486212414,0.1710161552414736,0.2413487993425558,-0.7021288387955974,0.1280905913591742,0.6575398476082723
1713498851.8790617,-1.97821697171348,0.0508456254451139,0.1718508471931006,0.2611680975319981,-0.6982043384205956,0.1447233252599883,0.6506589627200005
1713498851.9982955,-1.978323195601236,0.0477640864199127,0.1730641542067107,0.2766035871129296,-0.6945343031337887,0.1567695730239311,0.6453958927205974
1713498852.12305,-1.9783755290049487,0.0445485374680697,0.1746738491142228,0.2896154717723029,-0.6909234437041061,0.1648242479362381,0.6415455094865983
1713498852.236466,-1.9784511385602912,0.0417635110796467,0.1765682066150252,0.3015375295439863,-0.6878086833154863,0.1706339005246028,0.6378702104849282
1713498852.356607,-1.9790819920619704,0.0372906620189113,0.1805484031050508,0.3189174665648071,-0.6835819679413233,0.1758305299764255,0.6325274439528786
1713498852.4705894,-1.9788989150204193,0.0335957328339338,0.1841548980820936,0.329945785029561,-0.680120883827785,0.1761960595696138,0.6304968762132613
1713498852.583183,-1.979003772586495,0.0306705127740694,0.1876195009795291,0.3355248711053621,-0.6803699085534209,0.1749972338518773,0.627611198552839
1713498852.6900346,-1.980979454765488,0.030267538819095,0.1865665699478657,0.3347977699948099,-0.6863470084968821,0.1740962416353814,0.621714352240897
1713498852.8011315,-1.983424582154574,0.0304222799691271,0.1836752057993479,0.3301105830565141,-0.6953138303034292,0.1724276567227274,0.6146823436051924
1713498852.913277,-1.9857396991182217,0.0307862294154025,0.1805477859164768,0.324543497657286,-0.703182352438153,0.1680542268099079,0.6098884112681964
1713498853.0314426,-1.988307333595461,0.0315089250731288,0.1775679707123906,0.3157455206303487,-0.7135099559849893,0.1638098102925929,0.6036345375838541
1713498853.160679,-1.9916154586545065,0.0326781116682917,0.1729108052719253,0.300307549836322,-0.7296913826277349,0.1556904391391783,0.5942443510802433
1713498853.2833636,-1.9956838776760824,0.0344959626613673,0.1703453587688721,0.2822796120210158,-0.7456541540708231,0.1471889093249931,0.5853661487700745
1713498853.401661,-1.9983645307774685,0.0354025615451797,0.1683875859239989,0.2701347756811991,-0.752878606889188,0.1365212998996169,0.5844338636064674
1713498853.5221665,-1.9977886964337788,0.0365433642539585,0.1669035419298786,0.2645915387969412,-0.7503492871867569,0.1225880894104329,0.593244827326874
1713498853.639952,-1.998262416434938,0.0370805378111278,0.1669279806156908,0.2533694807801502,-0.7547382164868496,0.1108595075169193,0.5948817532724907
1713498853.7731135,-1.9982212483222264,0.0364850410527304,0.1677311380313904,0.2412300140478356,-0.7577596526400021,0.0984893044805555,0.5982543322503573
1713498853.8989182,-1.9979800373697487,0.0370902404567796,0.1688846889239581,0.2295398363114717,-0.7590587666961578,0.0857381517839281,0.6031502479287287
1713498854.0274017,-1.9957513498466488,0.0375575948143042,0.1708319305346289,0.2224516727035832,-0.7607820141051524,0.0807243094050187,0.6043257120101448
1713498854.154168,-1.9937520854137796,0.038981195230182,0.1748912316543807,0.2099197288395007,-0.7584240618735758,0.070022614324898,0.6130444382736407
1713498854.2795064,-1.9939265622357796,0.0407501214211779,0.1785327027580087,0.1995980818140249,-0.7555367704231112,0.0607985845107143,0.6209897957263634
1713498854.4040897,-1.99280444180266,0.0419067074023806,0.1819586252318444,0.193723131402439,-0.750370156309869,0.055818212408413,0.6295238709077402
1713498854.517608,-1.9907567833398565,0.0427408971282352,0.1854103822753963,0.1910571091446641,-0.7423216649154507,0.053145496268285,0.6400244394308979
1713498854.6311195,-1.9876655085306536,0.0431769358473227,0.1888799775689995,0.191783775185769,-0.7309733323150895,0.0520829680239827,0.6528279524204528
1713498854.753483,-1.9833039321224992,0.0449842104449398,0.1856530030952679,0.1943918099376541,-0.7178467349109723,0.0560569263718904,0.6661572715301963
1713498854.8712096,-1.978158546302546,0.0447212710017449,0.1844673965771523,0.1996010247987931,-0.7074415652818947,0.056795164664369,0.6756183625994202
1713498854.984471,-1.9739660382309665,0.0441638335544484,0.1841564423300303,0.201303659025698,-0.7067966278636212,0.0588679609731448,0.6756107806084385
1713498855.0968606,-1.9682841571154504,0.0432858962523701,0.1834993648634016,0.2035085719143295,-0.7056988373233033,0.0613499958421285,0.6758769045973527
1713498855.214135,-1.9613958389842168,0.0419439310402976,0.182576893806256,0.2061016876136984,-0.7040632162075301,0.0640208640720694,0.6765488976487656
1713498855.3501167,-1.9537697376222805,0.0401230341160034,0.1813770985889898,0.2090640242703742,-0.7020755992780324,0.0670096034324266,0.6774155295696263
1713498855.4835231,-1.9445754118086596,0.0370604931754504,0.1786193210204738,0.2159098866258539,-0.6995995038365699,0.0762856779288279,0.6768485431998621
1713498855.6040027,-1.9365586956437324,0.0338428492943035,0.1763236835298887,0.2221584293220394,-0.697061414781623,0.0840210311883576,0.6765289961427017
1713498855.7261164,-1.9309451526040216,0.0306437962212827,0.1747971347867044,0.2294584523907724,-0.6948764967202085,0.0915557669870334,0.6753613954496496
1713498855.842049,-1.930121629424681,0.0270824301885096,0.1757264611944375,0.2503373187499078,-0.6909623147464847,0.1070967161719964,0.6696511030577502
1713498855.965871,-1.9301479711694376,0.0237316350642925,0.176952166861268,0.2667347356238734,-0.6872999622737709,0.1186468057167751,0.6651272646368825
1713498856.0804665,-1.930255656069348,0.0212939797475583,0.1784502451866345,0.2800451133943023,-0.684689193582957,0.1266234246850525,0.6608645481304934
1713498856.1986413,-1.930413886370946,0.0183258937913588,0.1804173943503983,0.2921909480809582,-0.6819914220167439,0.1323887548692379,0.6572559377740936
1713498856.3131464,-1.9305198095042273,0.0154438886975525,0.1827602728946945,0.3033686431307074,-0.679387088997486,0.1361081424469577,0.654121718969944
1713498856.4352157,-1.930552637795231,0.0125221718489178,0.1854225778674414,0.314083793076574,-0.6759871115362786,0.1375480431221354,0.6522831684144105
1713498856.558859,-1.9322186097883551,0.0081838635159818,0.1908387775210502,0.3209564001921576,-0.6798619404096273,0.1391305349936994,0.6445288398438932
1713498856.6752312,-1.935196273990255,0.0075846512407242,0.1904153857881309,0.3186518879692266,-0.6893105190407885,0.1401111555281355,0.6353588330462847
1713498856.7860444,-1.9374793360322164,0.0075918859228898,0.187700974059433,0.3153451016333778,-0.6962435196530301,0.137316050461199,0.6300370866089813
1713498856.899606,-1.9397423293239644,0.0083977266005102,0.1839530619717004,0.3078588992026019,-0.7065842792939109,0.1361376264523525,0.6224372266344508
1713498857.0159502,-1.942747813507927,0.0091800593575707,0.1812262942614252,0.2983686848960455,-0.7163698719969681,0.1315506508782843,0.6168344677642063
1713498857.128732,-1.9451378140117823,0.0102437354496612,0.1785960681316587,0.2888290545222745,-0.7245449894038241,0.1247363880879086,0.6132317417423564
1713498857.255086,-1.947883058197704,0.0115481227789944,0.1747482477597812,0.2718039236767349,-0.7390543030896285,0.1158189790005692,0.6053984871651903
1713498857.387518,-1.95230905764896,0.0138324681915297,0.1726283752575378,0.2504401900016284,-0.7561198780580731,0.107720926814883,0.5949442353393598
1713498857.5054245,-1.9541852244820883,0.0153034176528382,0.1714732205991366,0.2400006416636916,-0.7593391339334917,0.0955214699899778,0.5972264398443063
1713498857.6327884,-1.9542278568693472,0.0155852508753643,0.1716170805883705,0.2303409044350315,-0.759709906883126,0.0819627592941317,0.6025496089257514
1713498857.7598202,-1.9537960579270448,0.0142195729402718,0.1723862664304881,0.2194685993060812,-0.761566506071521,0.0711923706270616,0.6056249971006331
1713498857.8852992,-1.9515255691894415,0.0122097705733588,0.1731745317285572,0.2130507110346006,-0.7627765235182921,0.0659298950096784,0.6069881536249391
1713498858.013591,-1.9470881638995905,0.0110067138250383,0.1740586558049136,0.2128606036946215,-0.7631967645813195,0.0672166995213478,0.6063851723391861
1713498858.139972,-1.9413933078277148,0.0110180985638419,0.1756415546195273,0.2144303714030075,-0.7621531567905387,0.0695502350748186,0.606881327950714
1713498858.2616258,-1.939456117342461,0.0129817255198889,0.1803573025618015,0.2029551436608623,-0.7563476568849575,0.0588502494664633,0.619099410211291
1713498858.3819578,-1.937417364774077,0.0141617381642681,0.184290844460866,0.1975394387181903,-0.7463218230488021,0.0512270030343031,0.633527979454845
1713498858.4936357,-1.934046135297732,0.0148035270835841,0.1877517148346756,0.1970867563011546,-0.7330609358562225,0.0470122449162035,0.6492829303471851
1713498858.613598,-1.9296800894691817,0.014891166551447,0.1913658603212638,0.2001889486780941,-0.7172296698197984,0.0444965726563963,0.6659775075625126
1713498858.735611,-1.9244527810323224,0.0153920651789554,0.1899787988150327,0.2058699473987976,-0.6986891223206654,0.0433301693631466,0.6837935152747179
1713498858.8581867,-1.9189810231910132,0.0159882572992331,0.1866855605588524,0.209426730555701,-0.6887901325595976,0.0471708366006772,0.6924474781466635
1713498858.974238,-1.9136353497072085,0.0151483613159855,0.1864889076807861,0.2105777975526391,-0.6891031441568538,0.0482303391356701,0.6917135839911462
1713498859.0959957,-1.9079303245748025,0.0144678288976849,0.1856165970960976,0.2124408360736029,-0.6885058137232976,0.0504886160188699,0.6915775699732226
1713498859.214885,-1.90140822830195,0.0133653052457923,0.1843582032600369,0.2148812526887065,-0.6874523704350992,0.0534211275019436,0.6916512623877127
1713498859.3388686,-1.8938894005244504,0.0117131332434086,0.1828210119762136,0.2176219040144372,-0.6860584325886462,0.0565213180456188,0.6919319869564691
1713498859.4659786,-1.8849998489794408,0.0090752636509297,0.1794505720535196,0.2241055344532597,-0.6841306965374214,0.0658493865242518,0.6909455534099784
1713498859.5842087,-1.877746427089132,0.0060145999980933,0.1775054915434295,0.2323261437882991,-0.6817838310140837,0.0745019629054044,0.6896700864931432
1713498859.7026095,-1.8769275553881704,0.0045205546442335,0.1775016954571179,0.2446275287193897,-0.6803863963237567,0.0863486979899507,0.6854017991263638
1713498859.817306,-1.876900146588585,0.0030913084875977,0.1776975738692882,0.2573974235118356,-0.6788832464880142,0.0978392284872246,0.6806552647092267
1713498859.935936,-1.8768444617116324,0.0010327437634573,0.1783684753238208,0.2702403614119987,-0.6768724819956105,0.1080648224310846,0.6761181733498608
1713498860.055668,-1.876833189642867,-0.0023010580595834,0.1800828320188856,0.2908584785489633,-0.6736980388146765,0.1215473966876419,0.6683999762955547
1713498860.180701,-1.877268741902297,-0.005751829394158,0.1817163881810534,0.305383670953946,-0.669796647842,0.131224066884826,0.6639981237356916
1713498860.3055909,-1.8771239930748176,-0.0086798599569116,0.1845432953462694,0.3171305848549104,-0.6675212677411164,0.1346864714087994,0.6600781042288268
1713498860.4187765,-1.8767168359930708,-0.0116047222704295,0.1874889952184835,0.3277241017167187,-0.6642557565167532,0.135739308570614,0.6579787558858549
1713498860.540963,-1.8764455977164791,-0.0145380951600156,0.1907920773026877,0.335393271610535,-0.6629115671193576,0.1354770906514688,0.6555193097433158
1713498860.661819,-1.8798015774542076,-0.0162533727227624,0.1916100194088018,0.3331282297363382,-0.6755239272230517,0.136767759576645,0.6434186710395213
1713498860.7831097,-1.8830372696511164,-0.0162922065777617,0.1895243837593797,0.3280790086965632,-0.6856808031855545,0.1353059561121745,0.6355299351219136
1713498860.898781,-1.8853480324834029,-0.015929850163022,0.1866886562104266,0.3228998088587266,-0.6929292493661803,0.1305944115555484,0.6312922211482411
1713498861.0255427,-1.8881486688923943,-0.0150047418135201,0.1836688607809969,0.3136489823376951,-0.7036253359952203,0.1268003884052236,0.6248658767483035
1713498861.1623173,-1.892228148352393,-0.0131324188231746,0.1794938068879455,0.2968000815418,-0.7188735287605414,0.1177724618558854,0.6174627182855269
1713498861.279265,-1.8964908817708304,-0.0110881330105128,0.1768467653708159,0.2782750367892425,-0.7340440727277012,0.1095428774532554,0.6097070289840328
1713498861.4112363,-1.900177739836347,-0.0091948838526578,0.1749552418963069,0.2600856811815021,-0.7485198449262412,0.1027008168358401,0.6012703405434207
1713498861.535986,-1.903065801688276,-0.0074038601880882,0.1740475417640883,0.2447170480850463,-0.7584057665806737,0.0937187484885635,0.5967839272093873
1713498861.666052,-1.9022009656051893,-0.0063389036094237,0.1764209701960311,0.232397776549648,-0.7598732123623497,0.0833590468967278,0.6013611592789914
1713498861.7943304,-1.898029981034844,-0.0059341175986734,0.1784964776573253,0.2275300521107776,-0.7606749865048343,0.0814744697097773,0.6024662240141331
1713498861.9235888,-1.8922669683831783,-0.0061237768214443,0.1800807144544047,0.227309044462684,-0.7609711846964426,0.0835088745640105,0.6018967704151658
1713498862.0513768,-1.885244785892648,-0.0056237197949909,0.1816061029884779,0.2293271742032634,-0.7610833862905236,0.0875524940482219,0.6004129304657186
1713498862.1774485,-1.8775420275831052,-0.0057952263339426,0.1827143262536129,0.2329456387941304,-0.760565698514889,0.092757035230287,0.5988925446393878
1713498862.2969303,-1.871134434218332,-0.0056106810528428,0.183903746419221,0.2327989809819429,-0.7605990617923241,0.0925761904168077,0.5989351806517266
1713498862.4103012,-1.8677403045635552,-0.0050265559988118,0.1857028175512562,0.2307363592578933,-0.757701426278893,0.0909542682624256,0.6036361505213139
1713498862.52271,-1.8659204693602824,-0.0041273257857392,0.1893229098972734,0.2282114524199919,-0.7494903466231235,0.0885613481954098,0.6150940098138816
1713498862.646943,-1.8638491719729964,-0.0034896008018576,0.1932170971544132,0.228055708597672,-0.740090469692132,0.0885370013866861,0.6264326698316006
1713498862.7686348,-1.859679608436969,-0.0026437805998341,0.1932219560546967,0.2363221473948613,-0.7222028637833384,0.0907333094075235,0.6436942851678776
1713498862.895302,-1.85154087090825,-0.0012305810262615,0.1905089996393416,0.2469456097584335,-0.6947270528475085,0.0920611727282523,0.6692510204241376
1713498863.0279608,-1.8406147921473608,0.0003063065575125,0.1864511848088188,0.255395463442931,-0.6658926085103954,0.0915184344535375,0.6949709111460459
1713498863.1532023,-1.8295665348183372,0.0015252728643439,0.1853926888931526,0.2575926159773981,-0.6670774484014054,0.0944114206709181,0.6926328072471661
1713498863.2896092,-1.8181787593902,0.0020696702848638,0.1841748695241238,0.2590800353455953,-0.6659265207940414,0.0951902500848487,0.6930787981732326
1713498863.4196353,-1.808139559046728,0.0017287211475907,0.182548797908723,0.2610338650395776,-0.6639981453302649,0.0963074801193567,0.6940408154954056
1713498863.5514135,-1.7987904988652783,0.0009173159344676,0.1806432850978702,0.263841453566142,-0.6619681292956345,0.098484353222321,0.6946126369044292
1713498863.6864812,-1.7896188980558554,-4.4411452301669485e-05,0.1777643306744396,0.2725889564789119,-0.6599971446883287,0.1064813974722433,0.6919253874525414
1713498863.816268,-1.7841599606809833,-0.0016013020190321,0.1774292153325189,0.2842492443876655,-0.6565969735884597,0.1153906407948758,0.6890339478984071
1713498863.9395134,-1.782526827521127,-0.003320982718195,0.1781006381941461,0.2974257384638643,-0.6531159366429891,0.1242339918032983,0.6852323829787923
1713498864.054903,-1.7816194042424869,-0.0058211245183606,0.1801751296115447,0.3173341174008964,-0.649457333253511,0.1352232584683404,0.6776569195292236
1713498864.176298,-1.7808424565180356,-0.0088671723993158,0.182603151511197,0.3326165973456629,-0.6453411911054914,0.1417861025863388,0.6729024055136935
1713498864.2879105,-1.7803227535580204,-0.0114316557944989,0.185010158327529,0.3442214430174476,-0.6423764838262095,0.1451758505844803,0.6691696523312564
1713498864.4063098,-1.7796789292984692,-0.013931350394627,0.1877159182854308,0.3541936365842733,-0.6397035312088384,0.146282910481907,0.6662788981073114
1713498864.5181825,-1.7791978570386124,-0.0164878843612587,0.190692725590631,0.3614444131564518,-0.6390755789433396,0.1460245596926858,0.6630363252211607
1713498864.6308331,-1.7805265189861523,-0.0184201592229342,0.1939130115002909,0.3620185050915814,-0.6459109671337167,0.1470168244384739,0.6558411986446646
1713498864.7432022,-1.783050746284207,-0.018784686742214,0.1905575522890291,0.3583693036922807,-0.6586566412395335,0.1455899149961752,0.64540409649581
1713498864.8586593,-1.7866249148080466,-0.0185500773149738,0.1874082895922193,0.3510616355938096,-0.6700557969900844,0.1415105327031359,0.638557535440822
1713498864.9782226,-1.7896258000864804,-0.0180002750540597,0.1847168101188654,0.3421810498334361,-0.6804710124073133,0.1362076786391027,0.6334972759909869
1713498865.0944529,-1.7922684563840203,-0.0168674356126218,0.181622806354867,0.3309073624890033,-0.6915675965384765,0.1300950844401047,0.628736706319178
1713498865.212931,-1.79527066019681,-0.0162681495609067,0.1797381006785856,0.3178781107373552,-0.7032232141630248,0.1233073324648736,0.6238797316283576
1713498865.3323596,-1.7977297433044273,-0.0150371839221088,0.1776159885479398,0.3040296163629428,-0.7130559769004772,0.1154926547821739,0.6211107895312025
1713498865.453852,-1.7996858475974689,-0.0134505691106907,0.1759397518967748,0.2805657068127134,-0.7298359510319596,0.1005539264555253,0.615232701192268
1713498865.5831904,-1.802984778245748,-0.0118599505175266,0.1752712859446498,0.2585844709226373,-0.7444184527742072,0.0880853841714233,0.6092751461058362
1713498865.7086847,-1.8019282812195985,-0.0125531847696203,0.1780263300929251,0.2504890345675895,-0.7456475078626643,0.0829911404416992,0.6118639621580774
1713498865.8222811,-1.7970363610076234,-0.0130322697798943,0.1803785543945661,0.2492522284025697,-0.7462253295596071,0.0835018426928325,0.6115950673663993
1713498865.9399464,-1.7891431954794772,-0.0113238034796176,0.1797175663261137,0.2532174472603376,-0.7417529808720201,0.0941649087333508,0.6138537364337456
1713498866.0676236,-1.7776290192215531,-0.0087047227966229,0.1824935438638661,0.2545689897270254,-0.7407384015463153,0.0970468522411542,0.6140709718054217
1713498866.1959586,-1.7688827488151957,-0.0074274823182962,0.1875378317025761,0.2488441261750711,-0.7355200392398065,0.0905928984984628,0.6236022766848164
1713498866.3132212,-1.765539486603822,-0.0065334314076388,0.1913171649275698,0.2439228288432836,-0.7279912181216529,0.0842060232977669,0.6351690999625361
1713498866.4307947,-1.763460630921458,-0.0057288457672378,0.1947443458219437,0.2399018768094047,-0.7195212805328038,0.0793120720801775,0.6468738761042282
1713498866.549853,-1.7603885487116155,-0.0048933803294411,0.2010146010807716,0.235853133561769,-0.7069138545285133,0.0785344082691524,0.662177052141305
1713498866.6727731,-1.7570018994111307,-0.0046950695419033,0.2019594999144369,0.244410658609003,-0.682852101372717,0.0783562432362459,0.683985918535667
1713498866.7997894,-1.7498361586393272,-0.0031413628696762,0.1990329883738882,0.2547465668359498,-0.6473184751870561,0.0781046391331751,0.7141306909191609
1713498866.928331,-1.7423320797594135,-0.0023147707763624,0.1978855983808696,0.2585688270707164,-0.6351274352310617,0.0788546499938306,0.7235587376698854
1713498867.053314,-1.7369802197910742,-0.0014603025131981,0.195641717398498,0.2595899526423428,-0.6376718686192946,0.0817857053861132,0.7206238567055767
