timestamp,px,py,pz,ox,oy,oz,ow,vx,vy,vz,ax,ay,az,jx,jy,jz
0.0,-2.4884461419924233,-0.0422566103377182,0.1138219403521978,0.0170134016021085,-0.7055537321775565,0.0196068278846067,0.7081808014035328,-0.0135284707079732,-0.0012582129571381,-0.0096060408434337,0.0445148594744397,-0.0199838105316939,0.0219584268085777,0.109567196478237,0.0622168668397368,0.0730134107592988
0.1109876632690429,-2.489947635343905,-0.0423962564537258,0.1127557883257181,0.0366963376928654,-0.7035400303957892,0.0395198531694359,0.7086063686110149,-0.0085878704741553,-0.0034761693912621,-0.0071689263628853,0.0566754665824994,-0.0130785058652303,0.0300620146560551,-0.044114641986397,0.031461972116834,0.1185726520695098
0.2255315780639648,-2.4903472749623425,-0.0430566242618049,0.1122227327673074,0.0498617103728825,-0.7032687197102753,0.0544098265612524,0.7070830845730477,-0.0006584852488362,-0.0041579281710854,-0.0027675470498524,0.0334550402261596,-0.0131103910809445,0.0490295358144685,-0.1436356133846692,0.069791886329748,0.0271372817700826
0.3338758945465088,-2.4901285498589556,-0.0433423991905745,0.1121161805052427,0.0592095292738684,-0.7033288823482626,0.0632522586931004,0.7055649273228735,-0.0006996108042045,-0.0063119642630731,0.0036312538597667,0.0239479966654183,0.00163198134736,0.0377808607540201,-0.0590612185692493,0.154770383129963,-0.26310636135117
0.440117597579956,-2.490486081065862,-0.0443957821741941,0.112982731464713,0.0679288804865341,-0.7018864265438841,0.0707279102957127,0.7055059703039405,0.0043791097280738,-0.0038973185643838,0.0054283122336402,0.0206618627766434,0.0200232915996394,-0.006766089505862,-0.2257676556208403,0.0372748821569798,-0.2914167453952861
0.5463018417358398,-2.489199203052321,-0.0441709821257641,0.1132696082952832,0.0726837187117264,-0.7014607200566462,0.0747159661741671,0.7050442962328729,0.0036926231742953,-0.0020581868612119,0.0021966815077945,-0.0239885272576104,0.0095657389350835,-0.0241383092841405,-0.1871204369597025,-0.0481149006171039,0.0217971231841503
0.6494095325469971,-2.4896621457622303,-0.0448012254305204,0.1134455415384852,0.0769953966401127,-0.7008282087428945,0.0787844329747219,0.7047726894874043,-0.0005352337686623,-0.0018482637903034,0.0003381808028842,-0.0199161367920839,0.0096477884542325,-0.0033283968075464,0.2598450779320868,0.0904209250513025,0.2243210376709614
0.7570786476135254,-2.489275142110852,-0.0445207910044959,0.113328131687875,0.0784003222851023,-0.700299103057972,0.0806242047934128,0.7049356660882055,-0.0003085970827765,4.63207636152152e-05,0.0016321718472988,0.0328354603964303,0.0294600953445502,0.0233531117150132,0.573797339804655,0.2611659121003563,0.0378895747143573
0.8651280403137207,-2.489731689535878,-0.0447931823294049,0.1137997055895672,0.0797022396928485,-0.7022793379680061,0.0798931680805715,0.70289996880439,0.0065713962858175,0.0045158629764402,0.0053845152497995,0.1039264585306772,0.0660448934561989,0.0046851475013677,0.0936590234291352,-0.0053159782224223,-0.2539060387374477
0.9707798957824708,-2.487922023382676,-0.0435891133211085,0.1144739721961444,0.0796991253795896,-0.7021473103564708,0.0798976710739087,0.7030316963906164,0.0217097471742953,0.0140431714347455,0.0027758533428026,0.0555263034215627,0.0299548388216626,-0.0305222006156929,-0.758561969702564,-0.4973408185795882,-0.1457804299052646
1.0754127502441406,-2.4851757530541874,-0.0418454858609437,0.114390738929081,0.0787727021284315,-0.7021229495919131,0.0787716457674775,0.7032874610561605,0.0184257192640941,0.0109370474510472,-0.0010220103937453,-0.0549781560874547,-0.0382223949721611,-0.0263504470513,-0.6009215393800098,-0.3419858193762708,0.0714543206565625
1.183429718017578,-2.4840575878542324,-0.0413027419421087,0.1142550838594627,0.0746703492871023,-0.7025129396544086,0.0739673352634378,0.7038669916038751,0.0098563941892351,0.0058564749057858,-0.0027591550189977,-0.0691288722944818,-0.0406390590422804,-0.015110227977086,-0.0071583200534868,-0.0062679695233791,0.076662809420371
1.2891836166381836,-2.4830665245436028,-0.0405972678077169,0.1138076447780679,0.068588829532084,-0.7032423997355981,0.0667715575335407,0.7044765849778694,0.0036022782421021,0.0022209551613268,-0.0042564898721325,-0.0570630696079344,-0.0396344342629548,-0.0098394684917948,0.1188020628381341,0.0580077038140284,-0.0513680809572969
1.3972151279449463,-2.4833140360180046,-0.0408484229358629,0.1133449908182536,0.0597252302226922,-0.703977310666753,0.0568031551495878,0.7054234504936056,-0.0023333021581866,-0.0026409947774749,-0.0048428030058533,-0.0437090437624918,-0.0280145137219117,-0.0265579637293612,0.1273464467837979,0.2052307931449428,-0.0734216703680487
1.512443780899048,-2.483588085605654,-0.0411915992636872,0.1127181072105997,0.0497455952297181,-0.7048192304520294,0.0452134858280444,0.7061947102885489,-0.0059891181539111,-0.0037808584514308,-0.0105001185532442,-0.0285761404802757,0.0076381514454373,-0.0250218592255785,0.2041933096142023,0.3284218195368403,0.3021573860878502
1.6183202266693115,-2.484573463314364,-0.0416699863815072,0.1111141605750667,0.0310982615547832,-0.7059045855387054,0.0224848187624208,0.7072666026110099,-0.0087081690859704,-0.0012667489849023,-0.0108072907237811,0.0001315673526384,0.0442600148092822,0.0350674775364895,0.2504745082852393,0.1950903370247445,0.4203728352213718
1.731883525848389,-2.485489465723968,-0.0414177704758785,0.1104157329502826,0.0159631555166867,-0.7062565958997477,0.0055395178538646,0.7077542738521595,-0.0055490009741152,0.0062583777647159,-0.0022000107672341,0.0260586280648048,0.0480461778392849,0.0648799794478458,0.0972473782339094,-0.1964337163071388,0.0383348283120941
1.839048147201538,-2.4858295863280286,-0.0403388007273631,0.110579429989031,0.0025735135789344,-0.7062492627121785,-0.0072791678959474,0.7079211606253242,-0.0029344142639793,0.0095649523283489,0.0036492530097469,0.023226718692616,0.0037592604378096,0.0463171813400214,-0.0542904560502086,-0.4057843578778727,-0.1099976062606961
1.946827173233032,-2.4861199044085436,-0.0393624650749587,0.1112027313709524,-0.0107747423569515,-0.706071003403068,-0.0188210598910753,0.7078088801259155,-0.0005580085680882,0.0070330158532259,0.0077453880760378,0.014354900901376,-0.0391653788635399,0.0413146007655466,-0.184463351903593,-0.1651656752059582,-0.157469742686637
2.05483078956604,-2.485949034606847,-0.0388221088195905,0.112251632615554,-0.0239857044156766,-0.7059069280779529,-0.0290862845905912,0.7073005605285119,0.0001596646010852,0.0011066958399621,0.0125657149169831,-0.0166232017176333,-0.0317758124934342,0.012288008631768,-0.2190394408846345,0.2385466581460509,-0.4426049808115624
2.1637351512908936,-2.4860878450270487,-0.0391294625809682,0.1139334980656075,-0.0371556551819672,-0.7055201197863133,-0.0378323075399914,0.7067032859488517,-0.0042058057053786,0.0001823687741627,0.0103522463234587,-0.0330338776388457,0.0128850547433476,-0.0550044444868513,0.0417521877848632,0.2262727920991999,-0.3157898044073625
2.284633159637451,-2.486989721919089,-0.0387041590523757,0.1145017529028775,-0.0486859412485133,-0.7049310052176014,-0.0477861841863144,0.7059875619361577,-0.0072531388229588,0.0046086121784994,-0.0009521124503626,-0.0021581218075848,0.0155700726076552,-0.0526352812271084,0.3180731806519393,-0.0710187824316814,0.3321473359025561
2.390857696533203,-2.48774089364232,-0.0381128102552008,0.1138730658706357,-0.0573630693909269,-0.7041933546774628,-0.0580771422254722,0.7053001084992652,-0.0053312969201542,0.0042987083766575,-0.002728980188393,0.0374796991617623,-0.0006749949011626,0.0118179198191974,0.4511678343119445,-0.2905459034531633,0.335812961111978
2.5040087699890137,-2.4881343846406265,-0.0377792694152633,0.1139487060350193,-0.0646741514974262,-0.7034608044738563,-0.0652021511994948,0.7047757304107749,0.0012463251195509,0.0044926123408932,0.0020487849789334,0.097933102988683,-0.0501371503902527,0.0171580141814848,0.038556629678068,-0.3227026663936931,-0.2476649362651755
2.6159491539001465,-2.4874717336565864,-0.0371052822861282,0.1143309055262544,-0.0720963951617491,-0.7029525275048989,-0.0714491815653382,0.7039565812838166,0.0166167483634698,-0.0068618570530862,0.0011935133563604,0.0473523594281211,-0.0735882071101768,-0.0432191950832201,-0.8320257730065075,0.3346483352259172,-0.1006332066637816
2.7235734462738037,-2.484576492577065,-0.0391768280158104,0.1142295601804759,-0.0705708768899347,-0.7017795803171779,-0.071841537262286,0.7052403600962037,0.0124047826554196,-0.0119004876139224,-0.0071394219739003,-0.081531923279799,0.0187332041351161,-0.0086517211419757,-0.4558442764691253,0.5947923998913365,0.5060695436092566
2.829951047897339,-2.4847811504970885,-0.0396702230654399,0.1128184195862713,-0.0710207640121087,-0.7025810043127635,-0.0698457149076042,0.7045974450472062,-0.0007261402539509,-0.0030154105547515,-0.0008284590655067,-0.0520377958393622,0.0543505028946481,0.0646223318354812,0.4093054523956406,-0.0106989394282882,0.0351058746084622
2.9333243370056152,-2.4847358962957085,-0.0398189258003111,0.1139821165315576,-0.0682777373679699,-0.7025044594062616,-0.068076533491238,0.7051178771539148,0.0010668561454743,-0.0003276042385054,0.0063837956951834,0.0035380450447043,0.0185358665504261,0.0025841704258196,0.2409595418593657,-0.2787795254483404,-0.5554359992067973
3.032499313354492,-2.484570235534834,-0.0397457171168946,0.1141515357856973,-0.0640686257088807,-0.7028265221447783,-0.0639210469774302,0.7055807471317228,0.0001040612276845,0.0008004059343217,0.0002476308668688,-0.000791471057454,-0.0026725482197771,-0.0482479841771866,0.0493790931660058,-0.1770685800817052,-0.1702043102158228
3.1362593173980713,-2.4847294739623953,-0.0396559116037631,0.1140186655849507,-0.0596236501244371,-0.7034401600203334,-0.0586735206428371,0.7058146921053579,0.0009898945169766,-0.0010017423136166,-0.0032795861046472,0.0144316419847278,-0.0170524724889558,-0.0287443388000239,0.0227779804806134,0.0196023784789293,0.1880722237986113
3.245025396347046,-2.4843339709583327,-0.0399777597066828,0.1134340407603496,-0.053115621030089,-0.7040492256322469,-0.0506487011004278,0.7063484464243275,0.0032315999472292,-0.002820449534831,-0.0058074625999406,0.0027786373897835,0.0031155046691663,-0.008276670850055,-0.1018681118513159,0.2102548669220598,0.1764944102100125
3.350047826766968,-2.484035617273328,-0.0402599114488348,0.1127802785803274,-0.045624000918148,-0.704674748488861,-0.0413413391071389,0.7068541879788292,0.0017151488078752,-0.0004816510154197,-0.0051591603781295,-0.0073853696266756,0.0277148947514,0.0090741303693293,0.0005864525384469,0.0503818825961543,0.0786463834475208
3.4564671516418457,-2.4839744827899177,-0.0400733997535939,0.1123461763027489,-0.0374396296786732,-0.7052990697912972,-0.0317522739674354,0.7072080948200126,0.0016898627045076,0.0030549508776731,-0.0038806534648574,0.0031764666169781,0.0132512900048543,0.0081090084737726,0.0547591054511628,-0.2321390323391186,-0.0167264855906888
3.562469482421875,-2.48367758224342,-0.0396120577334471,0.1119557785120963,-0.0282156943593394,-0.7055210518582965,-0.0216785106741008,0.7077951413732199,0.0023870573861515,0.0023498415613501,-0.0034333811523601,0.0042836801963589,-0.0215163674042252,0.0055274363080417,-0.0585124957771263,-0.0572566711188329,0.03611071288153
3.673508644104004,-2.4834606601137836,-0.0395840368138481,0.1116035635951473,-0.018187218390155,-0.7058920422361394,-0.0103172563375822,0.7080107372184308,0.0025959463682632,-0.0017682915027444,-0.0026674812611007,-0.01023433283736,0.0036162830010443,0.0165701028161803,-0.1746133724661037,0.4066516263343516,0.1071986855401791
3.779327154159546,-2.483121180988784,-0.0399749231419299,0.1113721708600255,-0.0069804346712158,-0.7056338980641774,0.0007287930700232,0.7085418437151163,0.0002911921140391,0.0027190536340637,6.135304964605126e-05,-0.0331353121421351,0.064830731924534,0.0286952728962386,-0.1238447091369276,0.0814161845872612,0.0824972295355723
3.889870405197144,-2.4834258361386055,-0.0389337853282354,0.111638555173907,0.0040237744336236,-0.7054713034512448,0.0111024670538269,0.7086400951621548,-0.0046829629488964,0.0124752320951698,0.0035691652764912,-0.0361352982193487,0.0164297264561711,0.0341093707363424,0.1130964725119676,-0.6023001548136278,-0.0793188783104943
4.002650737762451,-2.48417570592447,-0.0371750943373858,0.1121744894313064,0.0153975774858787,-0.7054119642700065,0.0213865652538482,0.7083074827353869,-0.0077386206400635,0.0060635818358301,0.00768952213106,-0.0072444194026762,-0.0704203334723476,0.0104016709718568,0.2273203594732136,-0.1939430847874106,-0.3021272939907175
4.11438512802124,-2.485161001492883,-0.0375525779470124,0.1133588496801949,0.0363558778645642,-0.7051105471629845,0.0387038219663345,0.7071063431969847,-0.0063507720164626,-0.0033069152503429,0.0059589066209073,0.0149615384621349,-0.0283129781046928,-0.0335312688741445,0.0524914436158753,0.3719558042277492,-0.1125836098405379
4.225436687469482,-2.4855939280671695,-0.0379119259194874,0.1135083686023399,0.0503743261903685,-0.7041160908518216,0.0523753396610367,0.7063566957704915,-0.0044088590507644,-0.0003197840202305,0.0002437913640319,0.0046490508296202,0.0124528600649709,-0.0150624190563187,0.0768740607144926,0.0788136719592531,0.2187568905041538
4.33188009262085,-2.4861152994550335,-0.0376484472650282,0.1134218241438876,0.0594950719925147,-0.7031089378052362,0.0620045805615401,0.7058708026093624,-0.0052237669301984,-0.0004681068035662,0.0023543821946302,0.0301493748550893,-0.0085696878135119,0.0135739043833499,0.4911904472987571,0.117617805444774,0.0202013783763186
4.43908166885376,-2.486710455223404,-0.0380164136857616,0.1140161905677279,0.0683949855352909,-0.7023498453351017,0.0693230380354396,0.7051390906118616,0.0020899332957178,-0.0021615752103707,0.0031342703475413,0.1099723309224126,0.0380608417041749,-0.0111251469367917,0.1102882567168256,0.2553502490297389,-0.170980890383413
4.546316385269165,-2.4856666353357317,-0.0381118831908899,0.1140937656896412,0.0731891213552555,-0.7018108289456074,0.0738202130007185,0.7047378867653232,0.0183610595414531,0.0076970892588845,-3.247282457663481e-05,0.0537571304261416,0.046174765156989,-0.0230866650537914,-1.0367061919249156,-0.3784668082719406,-0.0123667065090337
4.655808448791504,-2.4826917633124697,-0.0363090708871807,0.1140057043195208,0.073243252891096,-0.7018365318377028,0.0743335538116412,0.7046527025859535,0.0132935528823736,0.0076369633020448,-0.0018398280261214,-0.1170477084654597,-0.0460348971711512,-0.0133528700389446,-0.4547740633260675,-0.3228947514906866,0.2104223981449548
4.757949590682983,-2.4826561205695468,-0.0363702132240833,0.11371911051032,0.0747777948375008,-0.7014157907252863,0.0769195707115828,0.7046329183071197,-0.0054046591670697,-0.0013991469847667,-0.0029031944934149,-0.0581912137330731,-0.0295383543066622,0.0197190650989965,0.7285669614871941,0.2680190939736426,0.2148067985740274
4.869354963302612,-2.483957349653368,-0.0366233593041915,0.1133838520212886,0.0763487856859275,-0.7019958266242071,0.0770754356124913,0.7038693767678952,0.0032856200815309,0.0024705217953487,0.0029546859525196,0.0414858562251262,0.0132626437958221,0.030407572363965,-0.0536301455111803,-0.0015859668258761,-0.2362845199508324
4.971390008926392,-2.482223509258864,-0.0359280495374524,0.1142426903590047,0.0764559618296605,-0.70224999955063,0.0771564747615965,0.7035952689111866,0.0041057264005548,0.0018171205392443,0.0039850912532044,-0.0526127118287613,-0.0229511882071784,-0.02474929186731,-0.1548342300616883,0.0191095357972142,-0.3488021697990808
5.075592517852783,-2.483167051655658,-0.0362704938246555,0.1141863110411209,0.0740504185281108,-0.7026373887675296,0.0739784120377872,0.7038070971325359,-0.0078308036025038,-0.0023353691850688,-0.0023022147496314,0.0129151079879848,0.018842340213351,-0.0406884147766305,0.4672564862445427,0.2732169880004341,0.0589711194853217
5.179207801818848,-2.483852323159045,-0.0364144945210854,0.1137663117364346,0.0686563587318837,-0.7037166994676913,0.0668576787730344,0.7039880411520212,0.0066404345763917,0.0056641568872961,-0.0044936969998712,0.0446807494018787,0.0339779086364227,-0.0127422485748594,-0.5059902849422584,-0.3019296214261497,0.23639213147916
5.279621601104736,-2.481895764069061,-0.0351593093553694,0.1132722415052954,0.0632826665325241,-0.7037461040361023,0.0609907626123599,0.7049942212858937,0.0018841426634228,0.0048696125395726,-0.0049550080902721,-0.0851991864157007,-0.0399358419676895,0.0077524979750433,-0.4697374691567854,-0.429601298277526,0.1473069789622606
5.390643119812012,-2.483847081447523,-0.0355553218959215,0.11271787372143,0.0550840241053403,-0.7047590574746321,0.0509008658573726,0.7054711355192361,-0.012218705579114,-0.0034949606864505,-0.0025787710201087,-0.0362399317597648,-0.0500091999620869,0.0171350537029982,0.5648811438109612,0.1059589897509797,-0.1018528069162622
5.49872612953186,-2.4846040062037726,-0.0359254887782865,0.1126932184490128,0.0449265990465616,-0.7055264645342975,0.0405218770107571,0.7060963008141095,-0.00658269280372,-0.0062345401424006,-0.0011758871042581,0.0378503490001711,-0.0178604141056747,-0.013483143640201,0.3057806222350117,0.3805492006605231,-0.152231908730946
5.600739240646362,-2.4852350409608306,-0.0368320231698282,0.1124820070930597,0.0347388188644627,-0.7062622829027807,0.0294740879469269,0.7064828945930337,-0.004097830076791,-0.0073356979260965,-0.0050992944986167,0.0324835991859188,0.0289621753797701,-0.0163945532539072,-0.0599355057836124,0.4081278537648237,0.2296130468946018
5.714661359786987,-2.48543623746074,-0.037470432621737,0.1115157487596589,0.0160195348081024,-0.7068265590463251,0.0082598286702695,0.7071572421757426,0.000636486228954,0.0010216053870842,-0.0041598210889337,0.0247234588783217,0.0689867220003834,0.0426059840672866,-0.1963831667478016,-0.0238370014703777,0.327070308717091
5.822223663330078,-2.4851237760180815,-0.0366876752757951,0.1115072327148369,0.0007947418493197,-0.7068943754262791,-0.0068599794450868,0.7072854099004848,0.001586176690747,0.0079978576164198,0.003912428005862,-0.0094262664465667,0.0283214676494592,0.0584059852934607,-0.2171596736208675,-0.3994721514604266,-0.1463218050126516
5.925143480300903,-2.485090395241526,-0.0357935730585577,0.1123029828061016,-0.0127517484608005,-0.7066369221012614,-0.0184195880709663,0.7072215862159075,-0.0011817306093,0.0073146857092902,0.0082847732607155,-0.0218962110580161,-0.0149005238149899,0.014471586738657,-0.0496991463780134,-0.2342206452646444,-0.3598580462083759
6.030935049057007,-2.485379187440964,-0.0351690110777634,0.1132395798388256,-0.0262972330973837,-0.70668773647804,-0.0290340960324364,0.7064403158870152,-0.0029547076032905,0.0048398301757301,0.0067696845718211,-0.0193828721732303,-0.0194813820181904,-0.0163101756306299,0.0110671195081879,0.0786715694210707,-0.1687265380115399
6.141704320907593,-2.485732560697418,-0.0347562958218866,0.1137478008632638,-0.0390653889534852,-0.705368654173003,-0.0389038867126854,0.7066933172846097,-0.0054060364029204,0.0031356461987199,0.0047323635657841,-0.0196288160557775,0.0033795089877672,-0.0208223996365892,0.092812583666904,0.148775381297615,-0.0152814059881785
6.248515367507935,-2.486538206216825,-0.0344821669497952,0.1142681273972793,-0.050182537689357,-0.7047953331288282,-0.0490978478059427,0.7059282206086572,-0.007244998713114,0.0054292507100718,0.0022580329140748,7.243776037171162e-05,0.0133371122304722,-0.0198330133416041,0.182541496816626,-0.0275607464027739,0.063077612215823
6.357196092605591,-2.487292675286622,-0.0335755383694707,0.1142245302797203,-0.0594770900729136,-0.7043650740256806,-0.0583373139065617,0.7049319655508773,-0.0053252095580322,0.0059789930856807,0.0004710827822707,0.0197001770099973,-0.0030152242344102,-0.0070266997852345,0.2147188641906311,-0.1732354976122554,0.094938412676479
6.466933488845825,-2.4876978948960993,-0.0331812649048045,0.1143728726980278,-0.0667674984858248,-0.7034589839992718,-0.0656475170750322,0.7045409586947669,-0.0029378000347417,0.0047535259801524,0.0007432692529186,0.0470433840525142,-0.0245490215345637,0.0008546343960434,0.2101613481959642,-0.2248467456841492,-0.0096732123752926
6.571893215179443,-2.487930468148478,-0.0325658189495354,0.1143897961385426,-0.0728729985745184,-0.7032895764484424,-0.0712219315970716,0.7035628857446299,0.0045384968610164,0.0008334724898103,0.0006697663750815,0.0651858354919788,-0.0510216856906338,-0.0083417669360814,-0.2196765335766215,-0.0234929959942875,-0.1754539016470704
6.677263021469116,-2.486737764519983,-0.033010094625863,0.1145141622364499,-0.0753189395602232,-0.7027801719174733,-0.0737514699942663,0.7035536994266004,0.0107677392905536,-0.0059890777034864,-0.0010175301592196,0.0005163567129626,-0.0293023353947258,-0.0361206826362094,-0.6100610467682508,0.3492627931977716,0.0039069950991327
6.783294916152954,-2.4856548822941287,-0.0338342749469831,0.1141717690967206,-0.0755474412974042,-0.7022269003211641,-0.0750795326900452,0.7039410688046192,0.00456981294049,-0.0053140064355131,-0.0069929170295599,-0.0637772229492739,0.0230031981183332,-0.0071604387861213,-0.1419389522322241,0.2837712318057607,0.4010359407884105
6.890286684036255,-2.4857751683629674,-0.0341373618301533,0.1130172472600918,-0.0756063856622417,-0.7018750446096172,-0.0733734108166316,0.7044653566971723,-0.0028285849523239,-0.0010567697342483,-0.0024480052382505,-0.028824391109982,0.0307435889547262,0.0495561251925206,0.4236632289326739,-0.0611299258934273,0.0714805017875761
6.991167306900024,-2.486222631106106,-0.0340750354884617,0.1135638409859302,-0.0733414722540605,-0.7020823217688095,-0.0706457216060422,0.7047770029775989,-0.0019007683580998,0.0011841508599604,0.0032244057664075,0.0231392451854767,0.0118807612637053,0.0131437060392816,0.2695171628339789,-0.1877231842230395,-0.414471933633637
7.097053289413452,-2.4861421791128886,-0.033886708977475,0.1136614401719223,-0.0691528478180986,-0.7024633638314614,-0.0663759278417492,0.7052356643820432,0.0020988708942581,0.0012937697638596,-0.0001723401786487,0.0243833037910874,-0.008078903806564,-0.0366919596497441,-0.0603444053462745,-0.1155025506160112,-0.2114664984589811
7.2023231983184814,-2.485781087286099,-0.0338012527629815,0.1135287944861628,-0.0636023652212925,-0.7031010076774951,-0.0603134338668855,0.7056670616064868,0.003264360064616,-0.0005105599601867,-0.0045176507134329,0.0104857398021985,-0.012597966544446,-0.0318271191048902,-0.0406142417071605,-0.0394800592608765,0.1537047162668733
7.314207553863525,-2.4854355715572085,-0.0340156219448996,0.1126359647642501,-0.0515056391605038,-0.7041937033621427,-0.0456539898636389,0.706664071882326,0.0043679024619098,-0.0013799581664379,-0.0069547849624591,0.0168109119410873,-0.0166051169300645,-0.0018476545913534,0.0088753304418334,-0.1347072652592017,0.2646988211033709
7.425089359283447,-2.4848106209575835,-0.0341097307259427,0.1119774574234247,-0.0414158552568779,-0.7049607259052746,-0.0336321050030959,0.7072368651148712,0.006995394017931,-0.0041919831983897,-0.0049690381503305,0.0125579936146078,-0.0424087865850695,0.0271453117349272,-0.0789664172297835,-0.1646854356161213,0.2195219884457218
7.53099799156189,-2.4839322529946704,-0.0348918963896942,0.1115492953122077,-0.0310039964499711,-0.7054269277257154,-0.0219439499879552,0.7077641308391623,0.0071986566864747,-0.010408012685865,-0.0011597514313774,8.662043836679331e-05,-0.0529687994137969,0.0461505476545909,-0.1031479162427127,0.1950008565455662,0.1262525135639766
7.640763521194458,-2.4832666569770363,-0.0363782113875108,0.1117499728023038,-0.0199002601431221,-0.7055546465885966,-0.0114385170179433,0.7082836865634469,0.0069996820571471,-0.0155710301892698,0.0050644214269379,-0.0095736114767681,0.0019625829532941,0.0539568953674588,-0.1979620842306327,0.672308191993912,-0.1593694487754256
7.7514965534210205,-2.482387014246365,-0.0383292319385982,0.1126722825832179,-0.0074026935780509,-0.7055529084812734,-0.0016742291467113,0.7086166032617142,0.0050726055833685,-0.0098800340799075,0.0107323268105016,-0.0437774340567172,0.0956082158733604,0.0105618526720556,-0.212078376142309,0.3235162609355689,-0.4824965045949663
7.859762907028198,-2.4821417525333604,-0.0385796873018558,0.1140886220018956,0.0051763274854959,-0.7055026990013176,0.0070032918910563,0.7086537244933581,-0.0024588833567538,0.0051514145420805,0.0075756385805146,-0.0564909101763318,0.075359814703963,-0.0512675216311175,0.1221434392886049,-0.5503987163861495,-0.2384076972449688
7.965317964553833,-2.482887479307092,-0.0372677206101518,0.1143216011427521,0.0167922625246942,-0.7054725404882262,0.018066902224005,0.7083079143849927,-0.0070763653272596,0.0065734123274895,-0.0001113702667989,-0.0189433819187197,-0.0201330538058869,-0.042196206754479,0.3305108740669599,-0.5031833232628691,0.2267278675347699
8.07430100440979,-2.4836599829734207,-0.0372102390216986,0.1140485748137275,0.0294242545797555,-0.704919283123607,0.0303865519256756,0.7080251937501899,-0.0063501619655532,0.0005979739305718,-0.001263658138986,0.0142406587049412,-0.0297948788485341,-0.0016448405309966,0.1584125465777381,0.0807520099023672,0.2112257243373175
8.189163446426392,-2.4843000207183508,-0.0371330150335792,0.114053730042788,0.0411992162071722,-0.704208295155355,0.0423431254734347,0.7075311734075356,-0.003797155990755,0.0002062758079022,-0.0003717429344021,0.0147525444296823,-1.1331993432136742e-05,0.0031431373779366,-0.1398662819184083,0.0042008354244655,0.0172707267539894
8.298898696899414,-2.48453061128995,-0.0371592376458642,0.1139692590865509,0.051449119243461,-0.703378626971306,0.0528570385395151,0.7069778134608362,-0.0029618428696362,0.00056135388553,-0.0005113794453053,-0.0157260748273217,-0.0262939046597527,0.0024788850646135,-0.0583244448476942,-0.1684106140543359,-0.0075888060430773
8.40706491470337,-2.484942729605051,-0.0370131886881224,0.1139414946597577,0.0606339241453485,-0.7025228203257745,0.0621159218259532,0.7063475252451641,-0.0071511777235979,-0.0054312010600343,0.0001567218754436,0.001359923090371,-0.0369297681766678,0.0014943096979113,0.3263062514053128,0.2733811168515198,-0.0258725302377594
8.517155170440674,-2.486104373396311,-0.0383709599765236,0.1140050696121734,0.0724981404178865,-0.701610455885928,0.073721214749493,0.7050191276294197,-0.002509387678856,-0.0074270948423723,-0.0002034148038195,0.0561459453617775,0.0348163836670312,-0.0032330687131206,0.101603608848484,0.4334378961968311,-0.0499094454549634
8.620261192321777,-2.485586497601516,-0.038662975358949,0.1139086892844366,0.0771865065748256,-0.7008852518260684,0.0786695261824517,0.7047078917010308,0.0046298108735314,0.0012754075509997,-0.0005330732387839,0.0283780643045221,0.0584296968074464,-0.0090519465188764,-0.2338526884797764,-0.0425943456580235,0.0477352193933988
8.723775148391724,-2.485148083196691,-0.0381040774116176,0.1138952544106417,0.0796905058522101,-0.7012474133393342,0.0804999023226793,0.7038616726942525,0.0033206823398561,0.0046244147513023,-0.0020785138835761,0.0078562969086326,0.0257935011945763,0.0067151392905158,0.2361997823059508,-0.0533897020682121,0.1467449946676673
8.826919794082642,-2.48489957566934,-0.0377067289824408,0.1134805833132294,0.0797573827132357,-0.7029987846463209,0.0799430617540624,0.7021684808975097,0.0062382651509711,0.0066106929252958,0.000838709189927,0.0768704589616302,0.0472031608387627,0.0212782782240874,0.339284892713818,0.0763739931626925,-0.116580567735119
8.927256107330322,-2.483899928201448,-0.0367742090985637,0.1140389959391437,0.0795791535169134,-0.702601027103374,0.0797415776460774,0.7026095899098803,0.0186931911158101,0.0140745329731351,0.0022900172381103,0.0787215588450219,0.0420610029491111,-0.0155786775313459,-0.7417582098574254,-0.4827586560369844,-0.2631167959915861
9.028294801712036,-2.481122927352353,-0.0348657306984107,0.1139371183005615,0.0785913038711197,-0.7024920896798671,0.0785157663858557,0.7029676701825572,0.022026805811901,0.0150351567077691,-0.0023407982649145,-0.0735727543748101,-0.0506206570465135,-0.0315599555279007,-1.3132139768154003,-0.7327023055493354,0.0012616652146
9.129724979400637,-2.479444467166321,-0.0337330808326255,0.1135640118343741,0.0751803109234097,-0.7029293518890528,0.0737017979906341,0.7034246882753288,0.0037133991019686,0.0037782561061991,-0.0040886950993987,-0.1870111467321113,-0.1061436013899159,-0.015198158191057,-0.2320439857104044,-0.098075789759909,0.0768204533736692
9.231600046157835,-2.4803794187761277,-0.0341041799940076,0.1131054993217902,0.0684558839661143,-0.7039082798171152,0.0654628201810864,0.7039471178499608,-0.0159993010297139,-0.0065400797819646,-0.0054288494370783,-0.1199581336455273,-0.0701593032359122,-0.016017297135324,0.9414526040572908,0.4563458822603791,0.0115234266338194
9.335803270339966,-2.4827737035047934,-0.035094494618732,0.1124408728390833,0.0591914040454496,-0.7049188865471897,0.0543156979852974,0.7047237373812298,-0.0206610269373133,-0.010533469804633,-0.0074029929275999,0.008335834257284,-0.0116149478546776,-0.0127312928369202,0.955661591503253,0.5452047347994037,0.0687628167481204
9.440156698226929,-2.484687717124674,-0.0363013147690606,0.1115612478169757,0.0485668039313989,-0.7058045411552155,0.0412913232879494,0.7055325944715063,-0.0142448524209104,-0.0089544253126891,-0.0080821772199649,0.0792686179580414,0.0435417734035031,-0.0016651625872394,0.235691788649614,0.3451326819519798,0.1552291080358674
9.545270204544067,-2.4857512786203406,-0.0369661680992197,0.1107484535385224,0.0378454229321992,-0.7063932597924938,0.0284792366594736,0.7062331198422453,-0.0040297402714415,-0.0013695629647735,-0.0077443999834223,0.0570279954506679,0.0603990879199608,0.0198591127979978,-0.3559863231280423,-0.0416255174140589,0.2268754029965815
9.648535013198853,-2.4855497411635548,-0.0366048634421934,0.1099475262673545,0.0267445458940825,-0.7068367311913044,0.0152723168495548,0.7067059650531881,-0.0022142961677982,0.0036745327262574,-0.0040049731250868,0.0056179951527886,0.0356082168988649,0.0455297442937705,-0.2584099569104448,-0.2626140172180904,0.1100888098559985
9.751883506774902,-2.4862094792010887,-0.0362069313370445,0.1099216008877458,0.0140592809612308,-0.7070441814562191,0.0024972494043143,0.7070251946240467,-0.002870990710182,0.0059853517747798,0.0016642109735346,0.0036771515808636,0.0061357640362812,0.0425817349727716,-0.0119634826173177,-0.3541453778814228,-0.0800504132119943
9.854040384292604,-2.4861480683363717,-0.0353799002786449,0.1102849928286672,0.0012632630586523,-0.7068573569946979,-0.0090960236397654,0.7072965031603506,-0.0014823909255703,0.0049739071787458,0.0047748835910389,0.0031432844729856,-0.0370071366568272,0.0292010436585669,0.0044867623403243,-0.1912305904571117,-0.050768907386567
9.959131240844728,-2.4865291030182033,-0.0351946819296793,0.1109184326459558,-0.0113554682796443,-0.7065979114275808,-0.0200418472706864,0.7072402486173346,-0.0022817500750349,-0.0018456358297752,0.0077086272884098,0.0046648351598886,-0.0321208463666339,0.0325374389502733,-0.0309732393825269,0.2821316426129229,-0.0572847364290905
10.065650463104248,-2.4866270440691345,-0.0357808328278902,0.1119210510950875,-0.0242278757437892,-0.7064827316872865,-0.0300538837175858,0.7066766756714863,-0.0004599710415025,-0.0017289334025994,0.0116734247934426,-0.0035416907641005,0.0233724852209159,0.0168229457756974,-0.1936021316616183,0.305123541227588,-0.3405082788468224
10.17013931274414,-2.48662800873915,-0.0355746793751441,0.113372526201542,-0.0370567952690097,-0.7062190070925368,-0.038838489146667,0.7059554374791843,-0.0029460422832112,0.0029965485957058,0.0113404482335748,-0.0357179700840449,0.0331308282065159,-0.0385363784203175,-0.0869465458210945,-0.0499614431504327,-0.3775577141735407
10.279849290847778,-2.4872895159841044,-0.035128020127384,0.1143228607809071,-0.0486717833278775,-0.705476858841056,-0.0481711096828258,0.7054169003783267,-0.0082383563532086,0.0052382081402157,0.003040625078109,-0.0198002151076683,0.0111364777423504,-0.0624198864066119,0.5513235874460147,-0.3747719693020543,0.0330740444184499
10.39100170135498,-2.4884539656543394,-0.0344143676319884,0.1140277616970808,-0.0576783665108859,-0.7046781284078667,-0.0580423353037675,0.7047928977314594,-0.007236583323527,0.005429183331618,-0.002407332012043,0.0872283091343179,-0.0501483263702216,-0.0305033702882839,0.6654568835146566,-0.3776655779778214,0.3828989440316429
10.494942903518677,-2.488891265659999,-0.0339464042614841,0.1138016042660799,-0.0643680367584101,-0.703946400726826,-0.0654450635061676,0.7042962192219185,0.0094324287640716,-0.0048246019838404,-0.0037787546092881,0.1274859863200782,-0.0725207842456491,0.0186029819462249,-0.3361180424027231,0.2222400693032891,0.1976642831197018
10.599910497665403,-2.4864553108894913,-0.0354415098509936,0.1132350398970107,-0.066686444484678,-0.7041804374201187,-0.0684459747784625,0.703560927150896,0.0193285243222014,-0.0096671442321003,0.0015445896064829,0.0155179156236641,-0.002817931867658,0.0102235896808087,-0.97616393800983,0.5193048281269768,-0.1232945306834005
10.70121169090271,-2.4848764529176757,-0.0359734058032406,0.1140701888286164,-0.0701779050260813,-0.7037795308689411,-0.0701659333697919,0.7034530370752476,0.0132007335205148,-0.0057179320708237,-0.0013782231327129,-0.0745183949507953,0.035638383751893,-0.0065156690885126,-0.4377902231520578,0.16854420007127,0.1307672665180504
10.802698135375977,-2.4837792497959117,-0.0366012090799292,0.1129519848863416,-0.0706581206305244,-0.701778220585818,-0.0693881644434378,0.7054785905578821,0.0042119130355136,-0.0024413615881754,0.000231575955523,-0.0730932772108572,0.0312824713967883,0.0368513473645616,0.2294970120049316,-0.1029225902255634,0.026514543122623
10.902766466140749,-2.484008935067498,-0.036476020557777,0.1140851799033533,-0.068331710398298,-0.7019784492737269,-0.06691762658737,0.7057471681567062,-0.001575158968734,0.0005900251909507,0.0059902278489033,-0.0288689850016532,0.0150628330294053,-4.2707954530595525e-05,0.3939263123992593,-0.186194934944639,-0.3902606768920936
11.00375509262085,-2.484094614913877,-0.0364838026453531,0.1141464990398432,-0.0647178405569978,-0.7023436384539459,-0.062800694653645,0.7061027456312091,-0.0015388445100796,0.0005589640593738,0.0001165023182146,0.0060195668464349,-0.0061978951118485,-0.0416531647752258,0.2587251955069656,-0.1572399737269092,-0.1388120718684835
11.106748342514038,-2.484325627050642,-0.0363594267380118,0.1141069574573868,-0.0598853493064876,-0.703078141300515,-0.0574275540466572,0.7062555827744453,-0.0003243589621391,-0.0006980832347877,-0.0024394169441734,0.023555032339139,-0.016795514813704,-0.027251580371809,0.0354374988607986,0.0464868755520257,0.1539951821381051
11.212022304534912,-2.4841533196914805,-0.0366379794264885,0.1136289686867541,-0.0536538300076113,-0.7036852223892301,-0.0498445624712114,0.7067275952646731,0.0034211471577805,-0.0029601614546132,-0.0055703393336073,0.012778251527501,0.0041727412417988,-0.0095156904425563,-0.2044501839124339,0.196637125859471,0.1870300308983969
11.318103790283203,-2.4835996560252207,-0.0369855823534888,0.112927966156944,-0.0459756914106766,-0.7040124288615203,-0.0405642396128887,0.7075360614643195,0.0023394291436495,0.0002254498733779,-0.0044178203128273,-0.0198221262469517,0.0247606936169499,0.0123083199138564,-0.1188910875056493,-0.0146297989033495,0.2229392771191096
11.423401355743408,-2.4836543149929025,-0.0365957946551137,0.1126917126191077,-0.0377996195202305,-0.7045433127497239,-0.0316742713134146,0.7079453720171739,-0.0007538002513545,0.0022819611455967,-0.002970873711944,-0.012647160065251,0.0014063178223058,0.0375821187537085,0.2019576706759066,-0.4312477734688567,0.2376190285000406
11.528735399246216,-2.483758447311469,-0.0365050328076669,0.1123021531842262,-0.0292108681125379,-0.7049476975630733,-0.0219173193845191,0.7083185018024242,-0.0003232418420111,0.0005203423625498,0.00349990144792,0.0227263073812576,-0.0660890023394881,0.0623582228191476,0.1425553451730878,-0.4818444414340396,-0.1314363815773179
11.636479139328005,-2.483719947389544,-0.0364865850039721,0.1134725517504117,-0.0193448554774054,-0.7051328097026495,-0.0153582419206741,0.7086449193019813,0.004179525922126,-0.0120407670722261,0.01032079798156,0.0167861359281418,-0.1004893224489218,0.0077886987138299,-0.2492151742986917,0.3219003109894379,-0.5182860007177938
11.740539789199827,-2.482900879145843,-0.0389669019509792,0.1144920677410809,-0.0069002838614588,-0.7051468842313878,-0.0059811151942512,0.709002456979121,0.0034131809163753,-0.0208802613918576,0.0055515475382945,-0.0286533472899468,-0.0025514205045474,-0.0473315133478243,-0.2541545287441209,0.9133805648578828,-0.1920644947345927
11.846807718276978,-2.4830219462083662,-0.0408651171602743,0.1146212588374398,0.0050335672132493,-0.7051681940021808,0.0053576099111035,0.7090019586608016,-0.0019420699051178,-0.012209812138744,0.0003589356887094,-0.0358555836060675,0.0914967714876278,-0.0311016645188769,0.0390066242222015,0.3210063981016529,0.1686904796488743
11.954986572265623,-2.4833204455854565,-0.0415634587642734,0.1145657364371012,0.017106469340494,-0.7051468810564703,0.0175313311361055,0.7086380580180768,-0.0042198709735643,-0.0012208722461038,-0.0010496113594208,-0.0198767322233794,0.0641124508214633,-0.0110948192533966,0.1465947202338624,-0.5044624945108115,0.1069783731533211
12.059104681015016,-2.4839061727280334,-0.0411660191828558,0.1144027038593492,0.029263713640324,-0.7048885758032867,0.0299094833556673,0.7080827307394161,-0.0061712364931878,0.0016996573441528,-0.0020118069234226,-0.0047251002202718,-0.0135962741527313,-0.0077691815940843,0.1410170954060617,-0.467118816732868,0.0713825415126118
12.16389012336731,-2.484610369376516,-0.0412112295805062,0.1141448657053288,0.0409512179508121,-0.704197184650764,0.0422222425884122,0.7075638523194132,-0.0051881935460382,-0.0041169444582122,-0.0026706497846045,0.0095762059425614,-0.033096451505087,0.003870057171918,0.0370762659983492,0.0366018401938872,0.120766454085825
12.271170616149902,-2.48499867511698,-0.0420576927680209,0.113835289515868,0.0512400107088084,-0.7034299743163043,0.0532956341867996,0.7069089813494746,-0.0041394661742408,-0.005205796979163,-0.0011398087258793,0.0026355634833966,-0.0047097543408181,0.0178901970914329,0.1895752150876877,0.251087715397351,0.0137418021992867
12.376408100128174,-2.4854879761425206,-0.0423284190486413,0.1138955701626815,0.0605133751088888,-0.7024399188498723,0.0625334776273288,0.7064034654607436,-0.004599192548115,-0.005139867523578,0.0011166854188817,0.0488352822880711,0.0203188979973776,0.0072637264322847,0.5137123719218778,0.3454954074683808,-0.1300481626036144
12.482744455337524,-2.485971632815262,-0.043150826084167,0.1140727524849146,0.0687768664266719,-0.7018050937606777,0.0702605736092507,0.7055514189711429,0.0063103405955651,-0.0008633449092627,0.0003656830513881,0.1114887083407479,0.0686258912013282,-0.0096888184365639,-0.2438413097512281,0.0096113109526944,-0.0520883357532814
12.58920669555664,-2.4841424090120676,-0.0425104067798772,0.1139730593662943,0.0720949404253064,-0.7011982371619317,0.0738013266538401,0.705462058476715,0.0191276885945868,0.0094707824904844,-0.0009457431510143,-0.0032636650152181,0.0222521497388349,-0.0037935584086264,-1.095960797420395,-0.6519088240259624,0.1008212439685204
12.690815448760986,-2.482010172811303,-0.0412130071514951,0.1138760592271457,0.0739373542058421,-0.7020801583876755,0.0748913266678939,0.7042783597706942,0.0068042412745121,0.0044763679154496,-0.0005045089579447,-0.1163773322235141,-0.0649654749625661,0.0108580603847453,-0.0186813982224122,-0.1357405988482649,0.1470022027630136
12.792559623718262,-2.4827625898881847,-0.0416023716455284,0.1138705879896823,0.0768015996129648,-0.7020051543120476,0.0778484757098986,0.7037257224557403,-0.0045366530432655,-0.0037444225272276,0.0012640411004184,-0.0067659337673707,-0.0051552493507202,0.0261005304029794,0.9407939954402016,0.6362619352268977,-0.029510867951909
12.896935939788818,-2.482930027192169,-0.0419843695756609,0.114143631087764,0.0773540375497784,-0.7020009916102405,0.0782385624466816,0.7036260995722539,0.0059679374390722,0.0038171243778056,0.0049218339494476,0.0768115609815807,0.0664393027937393,0.003819050279939,-0.051716345458876,0.0453861149981795,-0.3477949218146673
12.9979887008667,-2.4815861332885074,-0.0408671320654595,0.1148665923525532,0.0770872329181165,-0.7017494630013277,0.0778034111226434,0.7039544579843623,0.0113985534678615,0.0099434273801132,0.0022528380836362,-0.011813868136156,0.0083583376011363,-0.0444680191266369,-0.954705528025924,-0.6627862309792025,-0.239323101306662
13.101964950561523,-2.480604265255816,-0.039952277674959,0.1145764549916254,0.074532925572373,-0.7021369883859903,0.0740531585006188,0.7042475575122411,0.0031569130016109,0.0052208047126736,-0.0043025008550883,-0.1193915569491614,-0.0699732419309927,-0.0438343513467194,-0.3962071386688899,-0.3816245900738045,0.1878677164646404
13.208971977233888,-2.4809587374307345,-0.0397876331854176,0.113949537480909,0.0654342974521497,-0.7027717186934795,0.063858663131246,0.7055156520337778,-0.0140378447782811,-0.0049707551105153,-0.0068773242214323,-0.0914806694821324,-0.0698719322668781,-0.0037131852559773,0.7372810158421624,0.3310110733793711,0.3224907250340902
13.31440043449402,-2.4835527902980736,-0.0409878429866479,0.1131186596432182,0.0556338334984648,-0.7039345311717525,0.051618600177545,0.7061986777883268,-0.0164937131749312,-0.0097019789628145,-0.0051550839246559,0.0357399727656328,-0.0006891170033214,0.024838488721297,0.6736339356944074,0.4248951449105607,0.0798670114032617
13.422261238098145,-2.4844367558940132,-0.0418486836307497,0.1128634269756925,0.0456084067469068,-0.7048782652509898,0.0406220434316453,0.7066939606351548,-0.006124396633794,-0.0049003003675921,-0.001537700374407,0.0495750924677796,0.0196154011277594,0.0123819688020442,-0.0512239546393067,0.1467914228358583,-0.108226526494034
13.531903505325316,-2.484877425497548,-0.0420426062929024,0.1127871817649071,0.034861684182152,-0.7055062351840572,0.0294661973699168,0.7072321813272916,-0.0058782417684355,-0.0055250255579787,-0.002537965831323,0.0239538063197351,0.0310895437598059,0.0013249690053228,0.0647650734589229,0.1935623939450506,0.193847541177821
13.63471508026123,-2.485661004420153,-0.0429727782428959,0.1123486142812186,0.0243560182966937,-0.7059033297771405,0.0178075687988448,0.7076652908513681,-0.0013226516354958,0.0012178808273001,-0.0013944930850264,0.0593845019884126,0.0595616553353729,0.049665107101237,0.0189815782017251,-0.2127548128930795,0.2025522430792625
13.741522789001465,-2.4851033583031015,-0.0417036781076319,0.1125182628729082,0.0115315775757288,-0.7063221999951125,0.0057158507443656,0.7077734818167093,0.0066927151500131,0.0069111694841995,0.0081868316405713,0.0252795605052627,-0.0174977592887367,0.041603288292167,-0.5090747838659513,-0.4445249340332207,-0.3887956497478625
13.848674297332764,-2.484228022767568,-0.0414974933414893,0.1141048067784248,-0.0013602905221523,-0.7061559423242217,-0.0029367238255456,0.7080489463187262,0.0040518697042202,-0.0025746877028074,0.0074737850787864,-0.0496674312016296,-0.0353578123125649,-0.0337370882075746,-0.4375220122524462,0.3018071794963405,-0.3355091037985073
13.952357530593872,-2.484220985966684,-0.0422158097693242,0.1141440373104031,-0.0139070050819723,-0.7075300412929743,-0.0132951235715221,0.7064213159063295,-0.0036081507139815,-0.0009063311915109,0.0012587003434951,-0.0687527438897808,0.0429365849012782,-0.0316423704750569,0.0498594201223258,0.3495441772756681,0.1512389443072473
14.05682611465454,-2.484984861692111,-0.041676653775827,0.1143681955168615,-0.0266624731253112,-0.7070786569426625,-0.0254706234657001,0.7061728773914158,-0.0102510564654618,0.0064049667303377,0.0009319883651924,-0.0389202722433665,0.0367609752556025,-0.0020498293268565,0.3530906324307893,-0.1856938359045861,0.1627691819007906
14.161569833755491,-2.4863672524965907,-0.0408751264753384,0.1143383519943158,-0.0388709292397538,-0.7065268502872397,-0.0378608106916418,0.7056028767635534,-0.0117371589471328,0.0067662105089463,0.0008304445484582,0.0051553673361147,0.0040174052744561,0.0023445510914233,0.3420067670161989,-0.2237782163537907,-0.0638286687098563
14.26619029045105,-2.4874425621834133,-0.0402598333820441,0.1145417860521855,-0.0495315991102793,-0.7058086404926485,-0.048215798315705,0.7050220000030333,-0.0091764730430199,0.0072459273901987,0.0014220368692392,0.0327031044902148,-0.0101120520693487,-0.0153872033238004,0.1253846413432318,-0.1224104651404595,-0.0933786416349651
14.372256517410278,-2.4882974054778098,-0.0393445326120323,0.1146364350762188,-0.0587376191075834,-0.7048557587699072,-0.0575720509261504,0.7045663278802271,-0.0048230968161053,0.0045929441408913,-0.0024726980724592,0.0311706657044131,-0.0217360364819034,-0.0171074957114626,0.0278260146842042,-0.0570113876005441,0.1629966952525703
14.47543168067932,-2.488470212062761,-0.0392757774522211,0.114043587277819,-0.0663787360363355,-0.7035688411571813,-0.0641905784660815,0.7046022415456464,-0.0025979691025472,0.002679162067737,-0.002269414897428,0.0382843563596471,-0.0223410770288897,0.0176963261726616,0.1704821259431788,-0.118115368058003,0.1243278961323868
14.581375122070312,-2.4888458684180557,-0.0387729766680977,0.1141813649127672,-0.0719988306246851,-0.7030642861585511,-0.0700177318528524,0.7039987891631825,0.0032766754113673,-0.0001002681823047,0.0013161692026556,0.067391342534085,-0.0470659797899862,0.007696675448315,-0.0826817141737312,-0.0227397522869065,-0.2112741284322712
14.688334226608276,-2.4877586743808666,-0.0393070162128358,0.114323835068654,-0.074508628257425,-0.702642316260709,-0.0725985186626701,0.7038975030520912,0.0117741907779773,-0.0073838221261672,-0.000684142103979,0.0199516869286405,-0.0267525015274474,-0.0275230483206605,-0.5823969984397164,0.3723138022616988,0.0170567264491053
14.79015302658081,-2.4864038277195224,-0.040290566408383,0.1140587603264703,-0.0743988708330225,-0.7022637646088169,-0.0734274487693007,0.7042008397491835,0.0080390913235568,-0.0061004286768215,-0.0043415249643876,-0.0528069580622606,0.0288348358012893,0.0077827265626224,-0.2722219554899349,0.2732286838424322,0.329990372767853
14.891502857208252,-2.486120454124584,-0.0405497627456315,0.1134433998901205,-0.0740952565092021,-0.702625952984243,-0.0723446467832523,0.7039836043812572,0.0010605611390328,-0.0015406758556709,0.0008561672415061,-0.0357692330896508,0.0290141969457426,0.0395363281013203,0.3025728670437939,-0.097165849742129,-0.0794516150604134
14.99453616142273,-2.486192958551128,-0.0406020027386368,0.1142572657822711,-0.0713277655578622,-0.702346765991066,-0.0701622294646797,0.7047684951237244,0.0008407894871318,-0.0002246533744063,0.0036991491570669,0.0094903289617606,0.0086398974112273,-0.0097892236273782,0.2485096528425487,-0.129537424265458,-0.3371421610757013
15.098084211349487,-2.4859451686843506,-0.0405958805232959,0.1142032405629646,-0.0668268979024708,-0.7019724032975282,-0.0662184780713473,0.7059631887622327,0.003033082171715,0.0002399004482173,-0.0012046844824457,0.0153713495787246,0.0023245747352868,-0.029964824307765,0.0279604432322127,-0.1003953926440115,-0.0667994290663755
15.199459552764893,-2.485574161335085,-0.0405536188311445,0.1140133342939066,-0.0613111000009735,-0.7025395068293445,-0.0601920867652697,0.7064390299604733,0.0040156792652226,0.0002610016681477,-0.0025161321349866,0.0153440618234647,-0.0117640274901509,-0.0240285539943846,0.0376278386832073,-0.1819170409408296,0.0292781749903123
15.30696153640747,-2.485101891118888,-0.0405433309731706,0.1136695627701662,-0.0543241690229107,-0.7031765370967081,-0.0523400466486502,0.7070022361021706,0.0063094494646449,-0.0023684695138062,-0.0063637249675181,0.0237093467044988,-0.0362158556020268,-0.0242188844192241,-0.0311433426518634,-0.0716335561209227,0.243607115917603
15.416732788085938,-2.4841944977570902,-0.0410795256229482,0.1126161469338991,-0.0409864747944282,-0.704408628938869,-0.0358317455794982,0.7077038069482986,0.0091779663367113,-0.0076616531203657,-0.0077251731702415,0.0080777155292056,-0.0266134180761425,0.0300261614291986,-0.144354025599066,0.1999243178753556,0.490991944869029
15.522915363311768,-2.4831263111195168,-0.0421782885899717,0.1119880706915801,-0.0296674981000416,-0.7049190377375699,-0.0227604757407276,0.7083014545627295,0.0081813252109821,-0.0082682830181794,-0.0001790088139339,-0.0074506752524739,0.0061646829797617,0.0818351027576236,-0.2914759715050259,0.1488811265550034,0.0498427557140828
15.629719018936155,-2.4824543284599434,-0.0428379653285045,0.1125851664564972,-0.0183239749467514,-0.7051472819829788,-0.0130477987047227,0.7087039562491021,0.0075934862472184,-0.0063338632828443,0.0097179907268449,-0.0541835841248795,0.0048971159790946,0.0400962242946755,-0.3475044732243037,-0.1109880574228692,-0.5812360358906161
15.733588695526125,-2.481534099643047,-0.043511754170242,0.1140115054461714,-0.0052421671657901,-0.7052261776877415,-0.0040502796840619,0.708951446307732,-0.0029519843065504,-0.0071601124310046,0.0085724328674536,-0.0811817789377107,-0.0166438986675383,-0.0395137084784684,0.2013894784957413,0.0742790188323702,-0.4005033199785685
15.835630178451538,-2.483019367836667,-0.0443098724011362,0.1143690254213606,0.0073546932944723,-0.7051497551657078,0.0074678240783816,0.7089809326630874,-0.0091964796284322,-0.0097295361756872,0.0016849124766101,-0.0143871388809205,0.0191711853766235,-0.0436981119528064,0.4131315532330266,0.3881316925994394,0.1205452686941662
15.94045376777649,-2.4834063046529264,-0.045535216780401,0.1143497970597499,0.0190502005135155,-0.7050810418984108,0.0192410762483917,0.7086096211600927,-0.0056641777400194,-0.0029441191335717,-0.0003329514726966,0.002918906602666,0.0638564987483379,-0.0136659380351504,0.049691084736218,-0.0508068073565928,0.1080134601301263
16.049976110458374,-2.484252416821516,-0.044856904777116,0.1142962220581962,0.0305905794137942,-0.7049177415286005,0.0311949429967452,0.7079421372264652,-0.0088665494208974,0.0039494347912912,-0.00119067245201,-0.0048448906988154,0.0036969387781861,-0.0222608078001809,0.0989022406336163,-0.4807462722021802,0.015333673665257
16.154582262039185,-2.485293917861693,-0.0446679622431002,0.1141015827997797,0.0419954404496121,-0.7042868104860663,0.0431796435227548,0.7073556318727198,-0.0069360801097957,-0.0015830531878061,-0.00496093417344,0.0224647225095125,-0.0397438016650782,-0.0112842321275231,0.0984742653691187,-0.0993972606927917,0.2334175834570848
16.264564275741577,-2.4857075094088374,-0.0452339862383324,0.1131974747723569,0.051311601146275,-0.7035399103219419,0.0547006774034669,0.7066870241228443,-0.0040016627002454,-0.0044341522959906,-0.0033391015814998,0.0144934068779466,-0.0141489937071277,0.0292447773552339,-0.1076872734080216,0.1498412962806898,0.1671350371088116
16.39378809928894,-2.4862612300180533,-0.0456988249712768,0.113507137334982,0.0608504040329641,-0.7026774558933202,0.0634370095881977,0.7060576230895204,-0.0039792191838223,-0.0044748188145405,0.0026413475067539,-0.0047681969551407,-0.0073692886864915,0.0202680671930188,0.0378868970781721,0.1060741263587226,-0.1497079465653346
16.531306743621826,-2.486763701010201,-0.0464426378036561,0.1139062295828261,0.0693649940110485,-0.7019750592327614,0.0708780046876012,0.7052629454838195,-0.0053581585380637,-0.0065206438251783,0.0016218781255461,0.0278003053410431,0.0150633834518012,-0.0120625926367511,0.2501333496533766,0.1899908360440224,-0.1242158776978513
16.666658878326416,-2.487715988234916,-0.0474733385024208,0.1139552039932489,0.0777538897158662,-0.701077590722783,0.0790738440496745,0.7044088809829124,0.0034440552174999,-0.0004931707287884,-0.0006301948331218,0.0634286942301334,0.0443581637771958,-0.0141034953114745,0.0678455767354936,0.1044943090122669,0.0817153279078201
16.801303386688232,-2.485848610292724,-0.046585845025132,0.1137374793886728,0.0785283625168576,-0.7004578648368371,0.0805805600114961,0.7047686494282177,0.0117696390641537,0.0054561565725897,-0.0021895967297149,0.0463941751249911,0.04343450468612,0.0098636419959852,-0.180164020445014,-0.0549657445006688,0.11450711772567
16.92942714691162,-2.4845965853548995,-0.0460251871394691,0.113387133727093,0.0793661332538369,-0.7015718050781067,0.0785158733829934,0.7037991736558713,0.0158314525429972,0.0109295950854807,0.0016887512785175,0.0167700308047158,0.0305270897753325,0.0167933723687247,-0.370362736287618,-0.2801088543006546,-0.0944746405969256
17.059800624847412,-2.4817287200385314,-0.0437308281048888,0.1141940934834494,0.0790951894608369,-0.7017934404251696,0.0778825913758607,0.7036790603257562,0.0160368692216703,0.0132919824058923,0.0020902725881928,-0.0499751519601845,-0.0297869966065867,-0.015232100240356,-0.5033764112450385,-0.3761227397486503,-0.2086302132559047
17.186816453933716,-2.480429356008093,-0.0425754267961069,0.1139523212661533,0.0753949047858056,-0.7023572374609333,0.0730488489561928,0.7040410392759509,0.0033101037130958,0.003580308757462,-0.002110442221912,-0.1128505321154437,-0.0668562927248354,-0.0371511720513628,-0.0556545858160532,-0.0129569412386154,-0.0728243700884371
17.31320881843567,-2.4808813052699006,-0.0428166870938605,0.1136595475649414,0.0689172961126173,-0.7031737512097502,0.0652613274361697,0.7046545544076211,-0.0125446425042543,-0.0036618961404938,-0.0073190653192678,-0.0646249930155625,-0.0334172953910119,-0.0338104623084576,0.6244554743874113,0.3044964741017072,0.1291494833369905
17.42382526397705,-2.48313722284641,-0.0433914676623362,0.1123656311927761,0.0533175550557555,-0.7052527896301499,0.0467849963776119,0.7053984017246672,-0.0138056837947697,-0.005046382211233,-0.0103427167592934,0.0279652332180101,0.0041307723942854,-0.0095802925631254,0.5043036433799447,0.3242457066659124,0.2351999209475789
17.53222370147705,-2.4839338885888704,-0.0439225776518997,0.111388389850152,0.0394550807607841,-0.7053702372768536,0.0317534354148223,0.7070274706866149,-0.0065927148470024,-0.0028303009309665,-0.0094952605694826,0.0472862296727575,0.0376640832433952,0.0176308834148575,-0.0350547635001979,0.2028289491769722,0.2296953211990826
17.64235281944275,-2.484575272563801,-0.0440027466040393,0.1102889804335423,0.0272940812538573,-0.7058705293158938,0.0167094640109696,0.7076175681710241,-0.0035395202907544,0.0032443391028987,-0.0064556457360981,0.0195606156443202,0.0480828274706599,0.0405400306358557,-0.1982000204991296,-0.008494715598284,0.1524228608856144
17.748775482177734,-2.4847170271519223,-0.0432489609815912,0.109964700954215,0.0149201718054495,-0.7060255353695939,0.0035963771751775,0.7080200547658155,-0.0022973342452008,0.0076336951650442,-0.000810550472088,0.0039753407929859,0.036575944082778,0.0510435324630244,-0.068038758573247,-0.0709724158203622,0.0462529140567335
17.854867935180664,-2.4850628542778748,-0.0423808341558882,0.1101152514431339,0.0019428253720952,-0.7061892155670727,-0.0086598605769926,0.7079675303720667,-0.0026896250159058,0.011020358555342,0.004393195642528,0.0050496490281235,0.0329756184996921,0.0504040547887818,0.0166919877271371,-0.0799196118220565,-0.0395781472745749
17.961604118347168,-2.48528872023001,-0.0408998486937168,0.1109035395026128,-0.0111464959380678,-0.7058950848532765,-0.0197612246919231,0.7079529495714837,-0.0012113283869013,0.0146532119267011,0.0099186254263943,0.0075363526753972,0.0195073800716923,0.0425768432489351,-0.1114289808515469,-0.2669985953982191,-0.2553898024909652
18.064934015274048,-2.485323378847713,-0.0393079070810974,0.1121818357148647,-0.0249414522275921,-0.7056521559133492,-0.030029865155375,0.7074822725795828,-0.0010641670670228,0.0152155941426914,0.0133987569143886,-0.0174546106572788,-0.0221677174217436,-0.0020241907047188,-0.1973576915784167,-0.2975047945173593,-0.4555568676554456
18.17169070243835,-2.485517364818888,-0.0377045858752154,0.1137255990489123,-0.038004806319195,-0.7052492431190733,-0.0389442846715553,0.7068680799612016,-0.0050098407652452,0.009803704671749,0.009244612291495,-0.0336158203347148,-0.0422571419717995,-0.0532961962030101,0.03365197100756,-0.0439893040095358,-0.2265797136560047
18.287480115890503,-2.4864984180570953,-0.0372243232223694,0.1141409729952903,-0.0489883726292318,-0.7047127962818228,-0.0487206329071749,0.7061206087014584,-0.0084822762800644,0.0059702896055122,0.0012670509653582,-0.0064813289743655,-0.0292423043746875,-0.0476717116734352,0.2872929798949521,0.0716386757605423,0.1247965490668225
18.394800901412964,-2.4874096915053854,-0.0364022937550631,0.1140461529414574,-0.0584330683563051,-0.7040315295181961,-0.0582954816549621,0.7053558100599674,-0.0068394903935331,0.0032163882307028,-0.0017377869550405,0.0296181498276291,-0.0256086693908383,-0.0266965851361508,0.2118958764583808,0.0947722142164416,0.1864136655042932
18.505290508270264,-2.4879775081842093,-0.0365523353667926,0.1137569709684758,-0.0648728326173786,-0.7033696316598659,-0.0655451578988174,0.7048166492946102,-0.0019390990687906,0.0003927883923091,-0.0045393688208315,0.0388712769582481,-0.0082081773429823,-0.0071269493797156,-0.02232621784485,0.140490012881762,0.2485280470538975
18.61486029624939,-2.487842270804109,-0.0363190643347466,0.1130507434191033,-0.0716788544664532,-0.702781953042126,-0.0734642820767091,0.7039621208272685,0.0017245391423088,0.0013783220251305,-0.0033395345072211,0.0248993791253352,0.0053386129085513,0.027863523662181,-0.1918853281187002,0.047498438452047,0.2108992733166926
18.720679759979248,-2.4876096754808414,-0.0362499256113655,0.1130147733759929,-0.0743671616385964,-0.7023321083305815,-0.076047670386067,0.7038578597320566,0.0034868981818618,0.0015696210177532,0.0013374464371675,-0.0019842111285355,0.0025837847988748,0.0390979738050444,-0.1985420073216562,-0.0243677740172434,-0.0811391899352651
18.82694625854492,-2.487101593883992,-0.0359853488236007,0.1133358998829934,-0.0761326648712521,-0.7009745541185748,-0.0743032787612315,0.7052074266364454,0.001287016405147,0.0019270017726274,0.0049480277155247,-0.0171588593973486,0.0001720423340261,0.0104872226917788,0.0368205231200302,-0.0177988509175085,-0.3134438223861702
18.931195497512817,-2.487324774719445,-0.0358420125516905,0.1140487138306963,-0.0736140479561801,-0.7012301668757541,-0.0722221296148656,0.7054368781122808,-0.000139469170385,0.0016185906681983,0.0036390409673857,0.0050492921482139,-0.0011827204581826,-0.0267102186148019,0.1678734475649733,-0.0049938082577917,-0.1860763350480651
19.03204131126404,-2.487143598970399,-0.0356550153177588,0.114103665856203,-0.0694963463949238,-0.7017045280729949,-0.0680134346288176,0.7058010950895471,0.0021971719319822,0.0016725421614887,-0.0004353351676861,0.0175735065615495,-0.000905739745531,-0.0288193184437048,0.0392836065805369,-0.0395974100959035,0.0375305427154817
19.13691258430481,-2.4868694892601764,-0.0354994344795184,0.1139511085535001,-0.0637762940253321,-0.7022938420235786,-0.0618863695285732,0.7063186398805628,0.003429741673413,0.0014204338267662,-0.0021944725963394,0.0124333696109494,-0.0096762963005318,-0.018509620482615,-0.0331502415425004,-0.1065853072829862,0.044453788875707
19.243751525878903,-2.4864142463886267,-0.0353545456454737,0.1136361350660632,-0.056558295102106,-0.702962745268909,-0.05394237934256,0.7069192016984724,0.0048321452135962,-0.0004049161100172,-0.0043609042099841,0.0106182758224337,-0.0235621158642056,-0.0196219204521526,-0.0401580649385061,-0.0849811598426484,0.036434800106319
19.349760055541992,-2.4858419242228136,-0.035582706408055,0.1130252383953122,-0.0487642562933915,-0.7036602909727611,-0.044518598327372,0.7074618976448469,0.0056939640844007,-0.0035839875121697,-0.0063720333931884,0.0039241571224507,-0.0278387488528526,-0.0108320656691352,-0.0416230343003826,-0.053175290896379,0.1506819835804124
19.457103490829468,-2.485198635052881,-0.0361230428606099,0.1122750122064024,-0.0402329671788771,-0.7042589141549762,-0.0339217886565669,0.7079901146482036,0.0056580731131568,-0.0063385914358972,-0.0066500794250013,0.0017957463559587,-0.0349416459173124,0.012708437033265,-0.0020557062770556,-0.0328365796158597,0.2902415932738406
19.56224751472473,-2.484638197265235,-0.0369238964886605,0.1116107042183509,-0.0306208348835383,-0.7046842847960382,-0.0225156848697358,0.7085022704038274,0.0060662637127641,-0.0109682459835769,-0.003738256666398,0.0034099688449865,-0.0349612351367826,0.0505317740492412,-0.0170665795968552,-0.0151132299166063,0.2740127577158329
19.668470859527588,-2.4839148277826903,-0.0384486440090241,0.1114904642211869,-0.0200209581134705,-0.704911126521387,-0.0116137741855831,0.7089178973560578,0.0063778046356048,-0.0137085756543531,0.0040802410340636,-0.0018819120076885,-0.0381684768156431,0.0704398126335308,-0.1375571508973898,0.1644511541478335,-0.1520921534169145
19.772886991500854,-2.4832932313722096,-0.0398137772802365,0.1124514852193287,-0.0080645136605628,-0.7050061982946586,-0.0024001141738039,0.7091512274807709,0.005687113441116,-0.0189637014712262,0.0111104892109041,-0.0252505700593531,-0.0010188735871806,0.0197118534952501,-0.2143173121083816,0.5720204874206132,-0.5432451786831407
19.885087490081787,-2.482687199361719,-0.0426516108177598,0.1139279728616562,0.0049954853372442,-0.7049652622647793,0.0065728518590592,0.7091937829286403,0.0006071608046731,-0.0131329732200144,0.0075811815291795,-0.0481534187651298,0.0892326894349698,-0.0481634112000148,-0.1003473965414858,0.2219778853096711,-0.310033822686688
19.990391492843628,-2.483097077460108,-0.0428328202034295,0.1141750016193378,0.0172579286164657,-0.7048282750711591,0.0179794436340684,0.7089400582324947,-0.0047479989916396,-5.339772584711522e-05,0.0008581018905442,-0.0484639836203107,0.0550484709664744,-0.0516646093979769,0.1295212819523164,-0.4759582589533754,0.0175711395264507
20.09964489936829,-2.483712803219393,-0.0426496500551447,0.1141001130725645,0.0294719978698759,-0.7044943630480737,0.030334982140484,0.7084482215614516,-0.0097719113768217,-0.001878435887801,-0.0034058326343879,-0.0192976873166299,-0.0141054566726617,-0.0439844511391525,0.306478729241024,-0.2344861963628433,0.3120671047607092
20.210758447647095,-2.4852660024707447,-0.0432601035902798,0.113414261929615,0.0476858423479952,-0.7036712494824642,0.0506165317072326,0.7071144177636889,-0.0089004456298589,-0.0031520222649603,-0.008853214298182,0.0192220728785342,0.0048705479923276,0.0180117795018326,0.2299305556925652,0.1225022508659326,0.5698654476238889
20.3182590007782,-2.485694663444568,-0.0433553742656191,0.1121837312896404,0.0577117920406204,-0.702430765592455,0.0640814951343812,0.7065082664696856,-0.0056505832922848,-0.0009297656685222,5.5262231477781754e-05,0.0317982196142485,0.0130184477523279,0.0805114978255101,0.3446580096287495,0.1400269806571568,-0.0560827790382165
20.42259430885315,-2.486452625657658,-0.0434567897833824,0.1133542271117843,0.0677130678905125,-0.7016756760699292,0.0708964952479762,0.7057194010442227,-0.0021742168394762,-0.0003465104289113,0.0082167133771412,0.0908129472616819,0.0341326442968426,0.0101075383596907,0.2798320332737177,0.1831931144123397,-0.5614358860412683
20.52887988090515,-2.4861325578584563,-0.0434258939951239,0.1139025243268259,0.0739657175926742,-0.7018865882743802,0.0748887003926262,0.7044685744410855,0.0137028715780687,0.0063716530271379,0.0019159503095856,0.089611524145922,0.0515272489473103,-0.0372923669016781,-0.8465935631440095,-0.3504707796747806,-0.0843488597627594
20.63602590560913,-2.4835095264010216,-0.0420863705767552,0.1137575483619043,0.0744107156973871,-0.7008331386456839,0.0764889718200448,0.7052980890058861,0.0168484391830112,0.0106308486995349,0.0002953382707793,-0.09132014201012,-0.0415572441177631,-0.007270343105713,-0.7521139033195656,-0.4565092810993165,0.214438073130039
20.7360360622406,-2.482536998313869,-0.0411978347355485,0.1139409632388436,0.074948300630917,-0.7004631278188921,0.0770831700406997,0.7055440054987278,-0.0035497286719241,-0.0011154141179463,0.0003014834317315,-0.0791143716337603,-0.0487291241168232,0.0080370516613078,0.9647023966319216,0.5237803985381865,0.0874891012615713
20.838385581970215,-2.4842906802231184,-0.0423594192704768,0.1138113025433787,0.0768113089402599,-0.7031551285283125,0.0774709425222314,0.7026173504176605,0.0014298352464603,0.0010953288357247,0.0019594655522261,0.1078853952863907,0.0672535171356223,0.0101235543111728,0.4293176730936866,0.3168649085948126,-0.1415774923639157
20.940024614334103,-2.482271615824549,-0.0409920221675669,0.1143361031901528,0.076869684866475,-0.7021966716018482,0.0776217241105225,0.7035522396282491,0.0183737806504264,0.0125388860443158,0.0023751760159927,0.0104407962644506,0.0170636574233459,-0.0206137887220918,-1.1886720151911403,-0.745379331377402,-0.1734395758454861
21.042880296707153,-2.480536989612983,-0.0397975221088561,0.1142901883491622,0.0750706253213058,-0.7022151530533635,0.0753592670723681,0.7039739064073505,0.0031824043602135,0.0043509206808165,-0.002316416963788,-0.135754611038975,-0.0857884363398606,-0.0250282038019277,-0.3138389509282795,-0.3003972304469202,0.0708335728940055
21.149742364883423,-2.481715977120408,-0.0401388824752607,0.1138350335962541,0.0698147863441716,-0.7031997772296982,0.0683588101610254,0.7042464355502197,-0.0099988235972663,-0.0055029722453269,-0.0027055260401531,-0.0463296192168281,-0.0402203254186613,-0.0048295099337737,0.7271402259197726,0.4656291279041737,0.1159036399993802
21.254765033721924,-2.4826593587644856,-0.0409550982616926,0.1137112619459533,0.0626463188876626,-0.7042486855161593,0.0606157710365413,0.7045814047931103,-0.0069150316303634,-0.0043607707128734,-0.0033353825758631,0.0187153447775252,0.0127282674798739,-0.0002033388840787,0.2150368096846499,0.218154526723941,0.107399157095895
21.360599994659424,-2.4831706922932075,-0.0410528213078107,0.1131282251814825,0.0534439019503437,-0.7041435788204199,0.0512109095606339,0.7061890770128535,-0.0060699154408467,-0.0028160987433457,-0.0027389523528935,-0.0016468353559392,0.0053127785173791,0.017919737013898,0.0575718195138771,0.1264485227683387,0.1575096449493452
21.472244024276733,-2.483994221706358,-0.0415901342501977,0.1131486624653307,0.0436885589175082,-0.7050825824462197,0.0410812528491558,0.7065848798375359,-0.0073881615099331,-0.0033161559554726,0.0007084208043209,0.0342198633519754,0.042573961957265,0.0338878122493416,0.3643053957315691,0.4460753310141707,-0.0017860133775732
21.57614541053772,-2.48476300060841,-0.0417899748479052,0.1132730687376707,0.0334823875935474,-0.7056306528830312,0.0312707793585787,0.7070971996771094,0.0006179860021706,0.0056571601240815,0.0045204224362819,0.0762340577575072,0.0997831941242863,0.0196994773236246,-0.3047383341191869,-0.0915346823037225,-0.2352078058846869
21.683584451675415,-2.483805927100319,-0.0403399999469481,0.114127922512128,0.0219011792279308,-0.7062812865776078,0.0216766392563923,0.7072603522672917,0.0087172677210265,0.0178686298550449,0.0047494667407917,-0.0352862118469099,0.0186082574973046,-0.0165309823216327,-0.9242473289651888,-0.9596924973851136,-0.1957178593700933
21.792423248291016,-2.4828781864012393,-0.0379130646650307,0.1142912361304025,0.0090395608931174,-0.7064920389316202,0.0095357726281679,0.7075990067160112,-0.0073254828549362,0.0094138833669156,0.000892550164863,-0.1233396679594778,-0.1083522626735774,-0.0222312443188042,0.0497408304612768,-0.2909154196530642,0.0179231674207108
21.897965908050537,-2.4852734728548116,-0.0382381855658419,0.114323215861129,-0.0034027240945956,-0.7066545615993107,-0.0029416144787032,0.7075444148206392,-0.0178806752142186,-0.0051609567117264,-0.0001022372927123,-0.0301982046334823,-0.0494433081755198,-0.0131449848975422,0.7792089762289766,0.6798689464171092,0.0896505053940793
22.005298137664795,-2.4866671560776714,-0.0390192122397729,0.114268009670296,-0.0155120103517534,-0.7066470129643356,-0.0150459839208877,0.7072361663343312,-0.0135019422179905,-0.0007913710901338,-0.0019191126272036,0.042161527152159,0.0368140956996664,-0.0031340544563527,0.3464158203156612,0.3042609745667297,0.0751579410493197
22.11503529548645,-2.488206846623094,-0.0383784249343738,0.1138998028490632,-0.0354950075100451,-0.7062649469878656,-0.0355691224689235,0.706161997437472,-0.0087220571033004,0.00281130371328,-0.0007154564021639,0.0434039732741782,0.0141735421807293,0.0030814085226969,-0.0639039307955726,-0.1300506361149694,-0.0262516362781643
22.230746030807495,-2.488568375908221,-0.0384225702076531,0.1141391092013438,-0.0484461872845467,-0.7054498541992895,-0.048454462718666,0.7054400294783657,-0.0037184930109042,0.0021750655142735,-0.0013212090170156,0.02683132302184,0.0084304098607126,-0.0100696983949976,0.2021108820138352,-0.2783967994576968,-0.0033779244148561
22.340285539627075,-2.4890373013277847,-0.0379192039089756,0.1136429175717384,-0.0574496528319778,-0.704608602116779,-0.0589758292422448,0.7048035944699158,-0.0024811482524036,0.0045429228364193,-0.0029255783553721,0.0847808698373994,-0.04578719814556,0.000995735907267,0.3302536404520534,-0.3618029303630087,0.181341369852762
22.443909406661987,-2.4891179840105924,-0.0374535825472708,0.1134970155916421,-0.0644497753439638,-0.7041243787128495,-0.0660028894240256,0.7040587364332866,0.0135077380224082,-0.006809149913161,-0.001289024946926,0.0995175652188957,-0.0702255961794568,0.0276609697736167,-0.4787284334598357,0.2326807654739617,0.0990838925906766
22.552555084228516,-2.4860230564340093,-0.0394808480402028,0.1133705206860096,-0.0662925928599793,-0.7041160392194032,-0.0680367126165083,0.7037022816377815,0.0180798812092444,-0.0099592950749672,0.0030680866076696,-0.0232262169562967,0.0084234839896443,0.0204003822896402,-0.6938258368344584,0.4136419562192169,-0.2551457587275849
22.659223318099976,-2.4851843518810663,-0.0396320522177461,0.114141031081165,-0.0696959661179805,-0.7036267698344014,-0.0699867104154612,0.7036715863558157,0.0087627507034664,-0.0051420944755106,0.0031806770617415,-0.0515811790274414,0.0200531575320698,-0.0265374642795628,-0.0705689768300375,0.025893388117444,-0.1182837051939632
22.762506246566772,-2.4841893036670486,-0.0405356192602186,0.1140652450830723,-0.0702401125889017,-0.7035022769930684,-0.0707096283461598,0.7036696819589533,0.0070120401273676,-0.0055818161839648,-0.0023196280591228,-0.0393432725905367,0.0144137617406901,-0.0065773090056545,0.0096327575853984,0.0296015834499303,0.2675176357500852
22.86730980873108,-2.4837332744485616,-0.040783851238463,0.1136534892982163,-0.0706218048325924,-0.7024596452033445,-0.0702803897098512,0.7047153144108693,0.0005073438298222,-0.0020855832201338,0.0019550314778895,-0.0499102308114736,0.026470816195078,0.0293568505546787,0.1790315027602563,-0.0105676221415719,-0.0383222613851794
22.966740131378177,-2.48404543707165,-0.0409645289172678,0.1144029188317861,-0.0682535405610485,-0.7025858374885232,-0.0680808981263817,0.7050387127468515,-0.0033085990466332,-0.0001034433345552,0.0037957242751754,-0.0057093632273899,0.0135707772330258,-0.0104125348355092,0.3290644352171294,-0.0998299236508018,-0.263860823227427
23.07524371147156,-2.484424452711274,-0.0407728443431598,0.1143717559048324,-0.0651074956038717,-0.7029710820470397,-0.064424289661279,0.7052958122117596,-5.9955091979091435e-05,0.0006154843754285,-0.0007589226705214,0.0163223122695289,0.0062803087026018,-0.0229261148378988,0.044874305379618,-0.0879156280570486,-0.0081631730801892
23.18130898475647,-2.484074855651896,-0.0408269145730832,0.1142423521951661,-0.0594366184916678,-0.7034073827656641,-0.0585985317635448,0.7058693606668244,0.0002593248942712,0.0012457814077309,-0.0012153654824765,0.0046819607456481,-0.0051932480532233,-0.0126808305088735,-0.0321508482975422,-0.1066673399396017,0.0065090027915896
23.29242062568665,-2.484399511358485,-0.0404841494349695,0.1141078548644986,-0.0532977832348805,-0.7041564691652261,-0.0516902516531306,0.7061523427129912,0.0009741324925176,-0.000627433419083,-0.0035994687369448,0.0101416787577648,-0.0168698019146335,-0.0224433442493517,0.0240892054421677,0.0690931228565161,-0.0524127060309659
23.399444818496704,-2.483893626184467,-0.0409339907756779,0.1134763496760707,-0.0458638122862053,-0.7050740652271548,-0.042062433836521,0.7063977809466689,0.0024418299422386,-0.0024340390384534,-0.0061031467529303,0.0101376783125923,0.0084807120545514,-0.0243983854693323,-0.0030990277248713,0.3257576919439236,0.0472576521047337
23.513516902923584,-2.48389290124464,-0.0409965479545586,0.1127555225355975,-0.0382373076324125,-0.705219528748322,-0.0329456949745158,0.7071901482343098,0.0031634689042423,0.0016168751925789,-0.0090084909479587,0.0094119179336716,0.0564482495450975,-0.0110408161498465,-0.1690520927881929,0.3475632013788556,0.2187228841441706
23.6337730884552,-2.48311222973259,-0.0405276047254566,0.1113312403751716,-0.0222551167813207,-0.7059629604472197,-0.0131476866303986,0.7077769045327178,0.0046865081005318,0.0110593458639726,-0.0085070295924857,-0.0315427288081785,0.0889980211509485,0.0281455616816381,-0.2362532377144447,-0.1434728995098098,0.2558071394704542
23.748266220092773,-2.482772437981525,-0.0384809213915326,0.1107209654866687,-0.0086669739032933,-0.7055697288842571,0.0012663852536576,0.7085863655998083,-0.0037438320535176,0.0223912187326449,-0.0026710634614155,-0.0472218301917798,0.0274271633559672,0.0497977962101547,0.1745189181983834,-0.6972291827548242,0.0785184388839505
23.85685420036316,-2.483870185781114,-0.0355844972544893,0.1107047808839359,0.0020284574203511,-0.7056580288362685,0.0123326018542584,0.7084423326078915,-0.0061516569030075,0.0180010299479675,0.0026154304687963,0.0038055400647457,-0.0647059335353051,0.0469340236826777,0.2727125793260662,-0.4494753926208467,-0.0755863205811945
23.964794874191284,-2.4841095563077427,-0.0345719885458341,0.1112837128663401,0.0147243579347862,-0.705354695197722,0.0234879091096666,0.7083122654391869,-0.0029533567261719,0.0084118645719366,0.0074937562680806,0.0120828003860384,-0.0704121359292149,0.0334947144644416,-0.0294147577894844,-0.0199436700559378,-0.2165356439200391
24.0714373588562,-2.4845020276110468,-0.033776953653413,0.1123073168947381,0.0273494696821389,-0.7049119294882167,0.0332901365633614,0.7079851304800815,-0.0035136058005793,0.0028442202266288,0.0098330265146441,-0.0022325570796068,-0.0690704695248946,0.0007066270431704,-0.0113318662836839,0.0398381942771466,-0.2920107838582542
24.182884454727173,-2.484874199701707,-0.0339969992247683,0.1134304982340797,0.0403089407057589,-0.7044972225973866,0.0428428815348817,0.7072646888920273,-0.0034105710682776,-0.0068173655667408,0.0074392747168414,0.0108190648603199,-0.061456019950554,-0.0300380151745894,0.0020640758000666,0.2120447009844968,-0.1624035431048351
24.29528331756592,-2.4852656061195426,-0.0353122514223949,0.1139675238244156,0.0516239397110151,-0.7037210315883002,0.0528939241251316,0.7066214767042232,-0.0010728868223921,-0.0108642185682053,0.0030927759157415,-0.0019904518876488,-0.0213303736664697,-0.0354298448347692,-0.0645948701151813,0.3357831068694847,0.0519237824913009
24.404155492782593,-2.485128326354843,-0.0364067501996872,0.1141265390111655,0.0606615264659976,-0.7029538553600231,0.06139848650607,0.7059789531537458,-0.0036927857991191,-0.0116390371078465,-0.0004228214659128,-0.0038166708763181,0.0129903134284055,-0.0192423239547988,0.4149145503714432,0.5007142984471212,0.1380217614435374
24.5084228515625,-2.486008027698834,-0.037778693013548,0.1138943823617178,0.0716926493568148,-0.7022947237669789,0.072508744704644,0.7045457876807019,-0.0020688972132667,-0.0082767319722265,-0.001126156648493,0.0825526264073888,0.0837195973210143,-0.0059158346849248,0.2031965008732597,0.2511815542379044,0.0822299215538573
24.618210554122925,-2.485499015094399,-0.0381231081384342,0.113897950209159,0.0766186611488809,-0.7015070484500876,0.0776841041022062,0.7042603366003491,0.0147370845007017,0.0068649036568895,-0.0016797332917642,0.0325937925450446,0.0619159667217363,-0.0021571586296888,-0.6588975457946178,-0.5045731413188526,0.1409608441420414
24.72356748580933,-2.4829251250851354,-0.0363885904977024,0.113547863590167,0.0752759924141985,-0.7011728997289512,0.0774345883563317,0.7047651908102707,0.0059896058407566,0.0057040557805102,-0.0016153081801526,-0.05743568786921,-0.0221799091778204,0.0234844707095432,0.1124337929052363,-0.1861236326572049,0.0938066231227512
24.822009086608887,-2.484031666944284,-0.0368167067756517,0.1135459112271395,0.0771293576100689,-0.7023362330079478,0.076254336186149,0.7035340462349166,0.0026894456815291,0.0024939776851331,0.0028004010749708,0.0425729425203027,0.0157966488812587,0.0189612826552356,0.401847007799783,0.1905568377713211,-0.2304560821786531
24.92860245704651,-2.482137182514832,-0.0357610549391374,0.1141699272876081,0.0770130180942407,-0.7024811449737663,0.076365744519164,0.7033900120590257,0.0160105660177567,0.009764779345906,0.0018327603193192,0.0145309467322123,0.0135763378247595,-0.0268997704576674,-0.8007120350366562,-0.366751152924353,-0.2175340624326083
25.032487630844116,-2.480652361525114,-0.0347606881930696,0.1139531728053748,0.0755978915371603,-0.7027738571480362,0.0739520881544927,0.7035090284864848,0.0063384879709111,0.0056436671543926,-0.0027661192937917,-0.1230846975605949,-0.0595467550911148,-0.0279624496872043,-0.6695048617554114,-0.421567862528613,0.0925564592817407
25.134562969207764,-2.4808031627151497,-0.0345843804777897,0.1136026545776523,0.0709615561779041,-0.7032539786180437,0.0685192363603478,0.7040620806088744,-0.0092324447368667,-0.0024281797968195,-0.0039849098843374,-0.1257115138024519,-0.0742629844620617,-0.0082056047076622,0.5763302778123942,0.2350773594361115,0.2179719321256105
25.242183208465576,-2.4826767026973684,-0.035317201086862,0.1131112784586412,0.0641928313945956,-0.7041705125312467,0.0601978375014006,0.7045561652836354,-0.0197170167359495,-0.009874111816737,-0.0044442585455637,0.0046273341888587,-0.0059320588635426,0.0180234727806537,1.0977973509648629,0.6586919075994188,0.258027585330998
25.3441264629364,-2.484909613506683,-0.0366197540788154,0.1126699562759363,0.0553597510963434,-0.7051030996942521,0.0500708532492897,0.7051651057837425,-0.0093908288564303,-0.004370576093695,-0.0004542718345211,0.1055992370383568,0.0635120764350505,0.0457093811720358,0.379315068351677,0.4152506210042556,0.028220156802211
25.45096111297607,-2.48451195505683,-0.036145467194264,0.1130552525457726,0.044479676631121,-0.7057739082829637,0.0402247124915577,0.7058942705949336,0.002372903474157,0.0034812310962409,0.0051646660698646,0.0776976857140144,0.0780989125951379,0.0214773480431337,-0.5713648316748502,-0.4710212687384892,-0.3081677134524074
25.562720775604248,-2.484404507111857,-0.0358684327754249,0.1138146249199445,0.0337235962805125,-0.7066184629586432,0.0311569973458954,0.7061036102274663,0.0072668063993255,0.0127477964636076,0.0039269825672866,-0.0224237620341647,-0.0455728940052734,-0.0224740936262787,-0.7654888665029639,-1.0825850115727094,-0.1947371760164401
25.669186115264893,-2.482991340299593,-0.0334697381137931,0.1139418642398447,0.0208736958352302,-0.705732739451133,0.0210349674761196,0.7078581209764117,-0.0018360195666566,-0.0051356251645836,0.0003781040216768,-0.0906989203681868,-0.1583963343324269,-0.0230715474615528,0.028919589167231,0.2071580473276677,0.089682849441765
25.776540994644165,-2.484824078536947,-0.0370159587495138,0.1138940115882835,0.0116648887197383,-0.7061942264381956,0.0114732018014924,0.7078290828702485,-0.0121357438911129,-0.0211034316139648,-0.0009878473950795,-0.0150428318443087,0.0009849773763448,-0.0031278422463201,0.5733200565458189,1.251936386314728,0.1408036909494375
25.882718324661255,-2.485594273588517,-0.0380039409961281,0.1137321967111915,-0.0003725684139813,-0.706332419878492,-0.0008860047613939,0.7078796428891946,-0.0052376267359619,-0.0052759805332684,-0.0003122662966875,0.0320311615412287,0.1094773981578446,0.0070999035518659,0.027811932162575,0.2682577552291709,0.0277553052236233
25.99029326438904,-2.4859379602449527,-0.0381323753914343,0.1138306733286813,-0.012754225736723,-0.7063174785075376,-0.0129670419657347,0.7076615046074428,-0.0053816817209568,0.0021862230376169,0.0005318471369895,-0.010267140090945,0.0562054915608837,0.002611982760095,-0.2508391242058999,-0.2898698905789866,-0.0394494485284525
26.098500967025757,-2.486758322711768,-0.0375279017906799,0.1138464732384234,-0.0253900806832386,-0.7060658575356027,-0.0255157632408973,0.7072307222198758,-0.0074644292329786,0.0068354831137743,0.0002447100310949,-0.0219148782069009,0.0471891314075587,-0.0014097220460826,0.0476411245428131,-0.0990303933903955,-0.0073224425344076
26.20290684700012,-2.487525872830761,-0.0366883908126611,0.1138819647436605,-0.0375032260414821,-0.7056947330354246,-0.0373241392246005,0.7065375860021073,-0.0100211583503249,0.0121877267854099,0.0002228294236414,-0.001297968844259,0.0352676084479406,0.0008321945918542,0.3515472095907968,-0.3164425688877801,0.0061496765947298
26.30726313591003,-2.488850096753975,-0.0349839767125668,0.1138930032044937,-0.0536691874960486,-0.7050664741243136,-0.053895499235415,0.7050504666629107,-0.0077376955504924,0.0141996117057164,0.000418337478879,0.0514596015423677,-0.0188520499693538,-0.0001243827746165,0.5099827036595845,-0.651241275847709,-0.0216438142446646
26.415547609329224,-2.4891315873093154,-0.0336860478430321,0.1139734221539046,-0.063764275399909,-0.7040649261297823,-0.0639621324559579,0.7043688966644364,0.0011580013108574,0.0078738026624391,0.0001803893193059,0.1071806033712418,-0.1042744873567807,-0.0038700342603237,0.1970236014644796,-0.4012190345084893,-0.0453003520508484
26.524595975875854,-2.488592664061061,-0.0332790459786868,0.1139313456624305,-0.0693860599408686,-0.7033928118715568,-0.0696784362534231,0.703966648652182,0.0155945438648839,-0.0085329641331261,-0.0004253124443301,0.0937924311314112,-0.1054557844456274,-0.0099860564865586,-0.7233554009062869,0.6226561912427402,0.0483855788715003
26.62613034248352,-2.486002215846119,-0.0353049706641218,0.1138844312828647,-0.0698489104357985,-0.7031410616300138,-0.0705152407941629,0.7040890412273795,0.02146907870857,-0.0149863003513624,-0.0018581977903764,-0.036430952462643,0.0176540742692124,0.0048032334326929,-0.994891057495705,0.8867019091619384,0.2118125485821448
26.728873252868652,-2.484216851852783,-0.0363283299857267,0.1135483633927672,-0.0691072671978716,-0.7027620454243855,-0.0708923677256146,0.7045026368507304,0.0079232680624699,-0.0047291726210089,0.0006018716492189,-0.1087417586214143,0.0748851113556431,0.0334432872123063,-0.0662606064281819,0.0567284261975752,-0.0600540033514504
26.830974340438843,-2.484367084595878,-0.036280407344472,0.1140027652627702,-0.0700349506364786,-0.7018193125998586,-0.0700326876087787,0.7054361635311158,-0.0008355775272228,0.0003853894031544,0.0049803031500271,-0.0508198628091264,0.0299147578277958,-0.0070649170038452,0.5196941004102529,-0.3346297672779597,-0.3611879230338592
26.9301073551178,-2.484388718090288,-0.036250285251386,0.1145474710058159,-0.0676627259866617,-0.702178762765465,-0.0677275445441499,0.7055350596130819,-0.0025079686528748,0.0014087374898927,-0.0005276403053906,-0.0038830977712161,0.0069271606132022,-0.0394480504905329,0.3868556504584384,-0.2199381142669161,-0.0271764382806862
27.037195205688477,-2.484922170707678,-0.0359716126899622,0.1137942972064832,-0.0653350724974893,-0.7027644798432267,-0.0629225947611493,0.7056161571569568,-0.0014214431837782,0.0017577204457195,-0.0028880685223864,0.02752450705719,-0.0152433502773365,-0.0077133543587705,0.135019386828475,-0.1331195015369582,0.126391310156565
27.14195728302002,-2.484706230433709,-0.0358740264545022,0.113916561853102,-0.0600270812394745,-0.7035707580864153,-0.057614998462186,0.7057375219129125,0.0032431375940031,-0.0017354359181774,-0.0022276403689585,0.0254489499418686,-0.021614265804837,-0.0118901086269853,-0.1237611703385343,0.1229435968032864,0.0606595298100883
27.24639058113098,-2.4842444972652515,-0.0363329069417401,0.1133305138606768,-0.0536590318613968,-0.7041572055284406,-0.0496976292997436,0.7062672892354993,0.0039148836974458,-0.0027715846968243,-0.0053634792937812,0.0017024878924958,0.0103552403957929,0.0049103391294622,-0.175908191924385,0.2211132104003171,0.259217270233367
27.3528892993927,-2.4838825688218225,-0.0364518741681556,0.1127862678366274,-0.0458286891773085,-0.7042039886123359,-0.041196125861793,0.7073184239681208,0.0035825155010424,0.0005334046243485,-0.001046144113077,-0.0114409785772103,0.0246709522471069,0.043197376574336,-0.1088693438014656,0.0933435227158036,0.0726829426993134
27.45728230476379,-2.4834897419942337,-0.0362272984832577,0.1130929438237401,-0.0369392281754004,-0.7047701068798888,-0.033067756652963,0.7077012882143541,0.001536769138946,0.0024578439286664,0.0037354043925738,-0.0213178051700451,0.0302119031610708,0.0214345667387732,0.0400996808089738,-0.1278768273514269,-0.2558866541915057
27.56751704216003,-2.483579472902214,-0.0359206703963809,0.1135975698926667,-0.0277695130590356,-0.7050196273530751,-0.0253510753727782,0.7081903008152817,-0.0010135493849716,0.0071591673352228,0.0032616307595368,-0.0012165390911916,-0.0049482930770836,-0.012292489588092,0.1730159995410767,-0.6372652455944747,-0.1644515735392915
27.67620825767517,-2.4837110225495804,-0.0346733901075237,0.1138110338909301,-0.0180928108633128,-0.7053624082106098,-0.0162723748692886,0.7084290600296596,0.0012032465729419,0.0015204382101947,0.0010687663779036,0.0165884990695837,-0.1083262475065489,-0.0150019249254651,-0.0331645444088104,-0.3145327264853187,0.0259661686860237
27.77910208702087,-2.4833521221935664,-0.0354866206534166,0.1138338075028636,-0.006836890892116,-0.7057112549416084,-0.0047873226474287,0.7084503956619257,0.0025392914034121,-0.0151240018512412,2.906481658715432e-05,-0.0060106602397854,-0.0786829068970715,-0.0073728033356922,-0.239386065357936,0.7836739852117331,0.0419181907713226
27.88527750968933,-2.4831864610713694,-0.037883498466164,0.11381582844784,0.004707860630493,-0.7057828119207452,0.0067214761607598,0.7083807452237464,-0.0001800557703042,-0.0143757713164294,-0.0004544448627173,-0.033591458892546,0.058820321757251,-0.0064530073510222,-0.1700136805733317,0.6808129972160089,-0.0131780490105656
27.99904155731201,-2.483419080659775,-0.0385195361466725,0.1137293752957707,0.0166842510480165,-0.7056564726383598,0.0189060663407559,0.7081053163520759,-0.0049742330257664,-0.0013732359062139,-0.0014200598448508,-0.0419925010037219,0.0613990551841005,-0.0106145093692972,0.0754519303620944,-0.3153278359869236,-0.0823002325421974
28.10625195503235,-2.484248347897844,-0.0382406377237927,0.1135104347573515,0.028815066222201,-0.7054715429336332,0.0312824335357309,0.7074609554042767,-0.0094612209508433,-0.0001348105550589,-0.0027729086318828,-0.0188190399121233,-0.0065564734772274,-0.024057249421407,0.2733608553933654,-0.3903043641667589,-0.0064229181371324
28.22510075569153,-2.4856002397339165,-0.038617158850906,0.1130846009956404,0.0472768263234098,-0.7044968133261842,0.0510570306439424,0.706287704358402,-0.0086632117146088,-0.0032997573546319,-0.007139128637162,0.0212072176955086,-0.0208561201692078,-0.0091470743842759,0.4043233620559132,0.15539890556223,0.257087851583846
28.337340354919434,-2.4862851630185134,-0.0390014810537488,0.1119063644309912,0.0569973734751888,-0.7032356083431147,0.0642078213725903,0.7057537348465148,-0.0047467230047768,-0.0050286176878509,-0.0052412535426702,0.0737474470632598,0.025811210832989,0.0336611748122962,0.3985461456515823,0.4576770149752913,0.1897451696295614
28.44554567337036,-2.48665737193811,-0.0397129787611129,0.1118875450325275,0.0655579714404607,-0.7025707888971557,0.0724002918875325,0.704879164611666,0.0072861807475916,0.0020636274205706,0.0001485705955659,0.109615865417319,0.0797045031360527,0.0341998762628164,-0.43527348499945,-0.0435744000530615,-0.0672326598867915
28.550415992736816,-2.484803095436116,-0.0386185069032412,0.1119359033219186,0.0689271853647946,-0.7022121987897154,0.0756134372856003,0.7045776600847184,0.0186201794458611,0.0118614773236505,0.0021484289818243,-0.013963265646369,0.0200836281012449,0.0198097588584287,-1.0718257500331,-0.6348902853574628,-0.0159050380829264
28.65977716445923,-2.48265973271614,-0.0371588033901708,0.1123632855338722,0.0711325727292037,-0.7026553871940556,0.0760031392455037,0.7038743401836189,0.003175216362159,0.0056933083191013,0.0043992329610588,-0.1190252539772232,-0.0569178713457225,0.0319054452198556,0.2561171830248316,-0.0577835435100694,0.0062348785632337
28.763230085372925,-2.483938536077809,-0.0373188875083283,0.1128664741052326,0.0759099404141609,-0.7010830227380156,0.0776984548869551,0.7047575656089302,-0.006965354665116,-0.0002455146080915,0.0088081611103258,0.0265520943259648,0.0003555452130474,0.0223365826159349,1.1002597012236242,0.5052236074250673,-0.3227680815043749
28.863739252090458,-2.484111717161382,-0.0372164349314242,0.1141369252003629,0.0771442334955307,-0.7021015993115118,0.0767955615304932,0.7037077185961659,0.0078678459362873,0.0054305925962172,0.009072755537764,0.107167324612577,0.0464094599780213,-0.0325905596695519,-0.1457467532892028,-0.0011858775597965,-0.388701513843572
28.970869779586792,-2.4821736659779914,-0.0361309396704815,0.1147015401497866,0.0768524760531394,-0.701980400832899,0.0769716539544036,0.7038413018987362,0.014734026038651,0.0092532658462834,0.0015592531332321,-0.0166758096213167,-0.0061746785288143,-0.0562149193063808,-0.9239095930777912,-0.4308100792114376,0.0255014027623741
29.07844042778015,-2.480951265077004,-0.0352305233637334,0.1144684253135388,0.0750700659505787,-0.7022773485597475,0.074547105344525,0.7039983948723313,0.0042162890409986,0.0040679618491878,-0.0029843763278321,-0.0909924340059466,-0.0460330195968505,-0.0268983759821156,-0.263077518914396,-0.1525706436556677,0.2187883750662376
29.182363271713257,-2.481230687684716,-0.0352397350562213,0.1140762255105914,0.0708568545773395,-0.7028391500451507,0.0689253108540378,0.7044471143009178,-0.0045589266548198,-0.0004979861924488,-0.0042395967463194,-0.0753830340969736,-0.040005573930423,-0.009557150829523,0.3018017316981305,0.1057356745751923,0.0590879773086411
29.299546718597412,-2.4820120362126814,-0.0353521802439264,0.1135178864378812,0.064041908411144,-0.7026782155700196,0.0617534370610385,0.7059238431598271,-0.0121958553796286,-0.0046666336993112,-0.0050263901696023,-0.0199850439638037,-0.0213073960254555,-0.0168744321397828,0.5091406919818874,0.2268404334493015,-0.0627530705288728
29.418962955474857,-2.4841411446442754,-0.0363605710337667,0.1128858032661193,0.0550293822118405,-0.7037212288285295,0.0508035364795336,0.7065176571541721,-0.0090836791796142,-0.0054749951482019,-0.0082778856192017,0.0452435649704835,0.0139680944728984,-0.0244059054872528,0.1960843208164957,0.1446240756652975,0.1307558322806527
29.53275752067566,-2.4842264638799505,-0.0366616077407975,0.1116201630469597,0.0388466563194241,-0.7047942994960655,0.0313771604126928,0.7076520377241113,-0.0018551604496295,-0.0016367924681969,-0.0107490966534922,0.0295880695034319,0.0140758176395487,0.0114912954901566,-0.18353349525312,-0.0237193307674977,0.3364394915611159
29.651638984680176,-2.4845842934395015,-0.0367309222655212,0.1103886263393028,0.0256983528099581,-0.7053940188513815,0.0151085575609366,0.7081882548588191,-0.0025522035866458,-0.002404308723151,-0.0052587366615203,0.0020617158436182,0.008192619150988,0.0540937507883999,-0.1050905485422331,0.0633987047794045,0.1432436527964284
29.76698875427246,-2.48482745502372,-0.0372120988044188,0.1103529100871847,0.0129811396155585,-0.7055240621145837,0.0023875420556729,0.7085630440790367,-0.0014273885107378,0.0001802418146468,0.0018663059552478,0.0040926543465356,0.0281402561170128,0.0465403192006728,-0.0079996979646232,0.0102098638354179,-0.1216147427405555
29.879420280456543,-2.4849133481885692,-0.0367149438998848,0.1108011967283813,-5.243511184768026e-05,-0.7055558287993694,-0.009415913965347,0.7085917797025247,-0.0015873643939769,0.0039724719011807,0.0054300353649133,0.0003870956731305,0.0114559457058806,0.0267156560020892,0.0077994574268662,-0.1645308373218158,-0.1383616558421233
29.991044998168945,-2.4851817900351354,-0.0363213191551719,0.1115672235803398,-0.0131490838524774,-0.7052684981681288,-0.0203792926934956,0.7085253217174567,-0.0013435674266428,0.0027828295923593,0.0078601244518417,0.0057746399516152,-0.0086979621463181,0.0154784852995397,0.040372188368666,-0.0834249755316846,-0.0789478892454741
30.107099294662476,-2.485209661583527,-0.0360880694113738,0.1125997954075111,-0.0257859263276282,-0.7051122484598178,-0.0302677763046958,0.7079799889777502,-0.0002401595566348,0.0020098329044724,0.0088973166730527,0.0095076865169704,-0.0066606468803157,0.0089371290210601,0.0321663796873153,0.0175548456848035,-0.0563646196316764
