timestamp,px,py,pz,ox,oy,oz,ow
1713497789.3935232,-3.0009048142636825,-0.006532021676934,0.1144529774363599,-0.0040250930591007,-0.7050894013640808,-0.0026867803498821,0.7091019079943724
1713497789.4978518,-3.0009043477331656,-0.006531893725483,0.1144376162594212,-0.0040250976359361,-0.7050860839910833,-0.0026867256699944,0.7091052067615317
1713497789.6063275,-2.999674395158385,-0.0060035186217554,0.1151335572575884,-0.0053136162579962,-0.70519917851262,-0.0041681295091949,0.7089770876437287
1713497789.7128725,-2.9988883700186384,-0.003923184210573,0.1140857334921109,-0.0075311569799694,-0.7050206594060818,-0.0103545661009558,0.7090711772777242
1713497789.8211467,-2.99805786590391,-0.0016702287828195,0.1119693411856183,-0.0069699884367211,-0.7063537754004277,-0.0166299771340423,0.7076292864906566
1713497789.9305449,-2.9957926076424513,0.0010765877426492,0.1099864792104784,-0.0043578290791918,-0.7080492940101375,-0.0200309942062988,0.7058654020764651
1713497790.043748,-2.995376507426643,0.0060686727932129,0.1091020159013534,-0.001079887601958,-0.704950412880981,-0.0197956870535729,0.7089794637334559
1713497790.1622925,-2.9927533114213523,0.0092919017190727,0.1079949879601418,0.0014627547473769,-0.7029037587540159,-0.0208137286266459,0.7109788709790761
1713497790.2796814,-2.987853575910421,0.0105271415894587,0.1076858584726705,0.0022355631740973,-0.7014166855385311,-0.0214617898354853,0.7124247518738337
1713497790.4014118,-2.981958736372941,0.0103394763075961,0.1083311303304165,0.0020508451133998,-0.6996479782241447,-0.0202827847823792,0.7141968280821888
1713497790.5087008,-2.975997052571566,0.0097098741791642,0.1093957365673093,0.0010848170341126,-0.698162928476874,-0.0186672927324114,0.715694683964217
1713497790.622172,-2.971046116646511,0.0089899181265523,0.1106381514410297,-0.001290320596277,-0.697129377693216,-0.0180120437363287,0.7167178887890749
1713497790.7348197,-2.965246770556991,0.0078863362145946,0.1116538056451624,-0.0031853794123558,-0.6957725861705055,-0.0164552967556552,0.7180665602158962
1713497790.8461995,-2.959109796364414,0.0064531793387174,0.1123736724161966,-0.004870929316016,-0.6943643025821009,-0.0145699513582079,0.7194596624305567
1713497790.9505148,-2.952971066418324,0.0052872135755935,0.1128862847955339,-0.0066318401138768,-0.6928858442598911,-0.0126556317297384,0.720905722342723
1713497791.055011,-2.9466803326037643,0.0044653025573451,0.1135302783493382,-0.0085603980872514,-0.6914316268669417,-0.0110216508724557,0.722307101006745
1713497791.1606524,-2.9410340317150667,0.003602355417198,0.1138911197195703,-0.0093010053219551,-0.6913282627547289,-0.0105866393242482,0.7224033828023978
1713497791.2605517,-2.935249341460083,0.0027397243798396,0.1147310769518362,-0.0103194058483938,-0.6918106733418328,-0.0096066514652678,0.7219412817957434
1713497791.3648326,-2.929354539550576,0.0020610778436695,0.1151832648129322,-0.0115589255584671,-0.6915712425229296,-0.0087059109636537,0.7221632882316286
1713497791.4716933,-2.9233676945993494,0.0018561837618559,0.1150079280673964,-0.0120130304451119,-0.689685340796858,-0.0089959096269399,0.7239536527979057
1713497791.5744193,-2.9165255713473375,0.0024237450853234,0.1143786778130283,-0.0109046397293657,-0.684031923288136,-0.0100682694460934,0.7293010672592407
1713497791.6834118,-2.9106759633405503,0.0050274531033835,0.1136231289907712,-0.013724363350007,-0.6721838940279423,-0.0121957522078253,0.7401565497164465
1713497791.7865531,-2.9082581012007034,0.0072295085299824,0.1122546711523271,-0.0145096366490505,-0.6634294639698627,-0.0140750753935966,0.747965713808887
1713497791.8880415,-2.9052051236935466,0.0080489012809718,0.1103576644069143,-0.0151641980053879,-0.6532602670779344,-0.0132460370914928,0.7568656505995567
1713497791.9909284,-2.9042860072697443,0.0101380661112583,0.1060591467110802,-0.0174275971475216,-0.6472923370632878,-0.0124764061453342,0.7619404494621004
1713497792.098302,-2.900721125719312,0.0085743629504688,0.1008004661339404,-0.0208408684684541,-0.6377875589803248,-0.0078096249919029,0.7698907049503101
1713497792.1996908,-2.8967741446945823,0.0063453929677177,0.095100336060965,-0.023547678636493,-0.6287626325217268,-0.001900728507348,0.7772383456870369
1713497792.3088608,-2.8948883091976696,0.0039986941354978,0.089320316920873,-0.0266963220782254,-0.6228198061794403,0.0024363760591429,0.781905914730026
1713497792.416246,-2.893445785012611,0.0015498855284381,0.0845073690556136,-0.0298483891466481,-0.6196645533913365,0.0076551471941633,0.7842616359717599
1713497792.5206072,-2.893286085768942,0.0003558544993585,0.0830921317489247,-0.0310571379439585,-0.6298648674002442,0.0139169534956559,0.7759587755821842
1713497792.626645,-2.892982426850529,-0.0009929469274498,0.0830204589861915,-0.0341659507566109,-0.6418762556502579,0.0202751642122425,0.7657783477988057
1713497792.735628,-2.891494210457497,-0.0020074407274582,0.0861721641200839,-0.0310990644623497,-0.6543035004627811,0.020275502947858,0.7553202509213756
1713497792.841264,-2.8908351072031624,-0.0037665501167895,0.0902100296708253,-0.0333791951627983,-0.6658759890319367,0.0203495306690349,0.745037511245289
1713497792.9446795,-2.8926783245034873,-0.0052068447673219,0.0949813025046239,-0.0369163074618822,-0.6776855221371247,0.0207279770881689,0.7341320523549867
1713497793.048975,-2.8948669939800893,-0.0053191030122729,0.100538339228021,-0.0371921127954681,-0.6919014553095333,0.018971607415506,0.7207837407977729
1713497793.1559858,-2.895654958552187,-0.0050668144719686,0.1052838115861882,-0.0316589554361071,-0.707377133649967,0.0158650600521819,0.7059487241998473
1713497793.2595177,-2.894366934968431,-0.0062269791451786,0.1092751675822022,-0.0406311300111232,-0.7134860888608844,0.0240751921906612,0.6990758881530675
1713497793.3635476,-2.8921754287466683,-0.0082960494776685,0.1112651104043711,-0.0478480931391708,-0.7182408939631308,0.0302195808941633,0.6934892610218049
1713497793.4677188,-2.8882186096137636,-0.0093272640367929,0.1132758736190692,-0.0537956915927263,-0.723786390878196,0.0341884223872221,0.687073821157704
1713497793.57147,-2.8833314105934984,-0.0096027392781748,0.1151781506897298,-0.0569369440420163,-0.7308894083217428,0.0357246704541152,0.6791778891624741
1713497793.675845,-2.8773508579174463,-0.0091195055421668,0.1171918374383757,-0.0605704444536144,-0.7377160461889554,0.0368892987690293,0.671375778599702
1713497793.7771623,-2.870964322776321,-0.0083676311491742,0.1191342842980948,-0.0628489608144119,-0.7452822444192785,0.0382504537659692,0.6626773627223198
1713497793.884045,-2.863394158135195,-0.0069818713281965,0.1207011711540864,-0.0631798156074392,-0.7539498149279005,0.038102590087714,0.652775750237861
1713497793.9929163,-2.8560525646339956,-0.0060492232018155,0.1216001592439289,-0.0636171022821479,-0.7614920045291712,0.0385642898624128,0.643890974375923
1713497794.095453,-2.849873992710252,-0.0065440121927986,0.1208431403476945,-0.0649173141776969,-0.7667535875176906,0.039206129966145,0.6374461214265746
1713497794.197995,-2.8454954290833716,-0.0089022271643168,0.1193476927024605,-0.0689733132039288,-0.7686819008176723,0.0435672331199944,0.6344073719773999
1713497794.3031695,-2.8421149153362,-0.0118266265261535,0.1178670710732567,-0.075399438294328,-0.7695740413796137,0.0484595863042776,0.6322360224115411
1713497794.407941,-2.8393224000533195,-0.0150133079006804,0.1165990305177232,-0.08220595570712,-0.7703465999944932,0.0543250486933515,0.6299659401965066
1713497794.5105422,-2.836853717939985,-0.0187204180008288,0.1156613385174414,-0.0856134967923109,-0.7680100990883492,0.0559653397221425,0.6322172867101012
1713497794.6167026,-2.8328481452368326,-0.0236653398136776,0.1146975756145898,-0.0861640930562691,-0.7638391846645193,0.0556550347901823,0.6372032377046879
1713497794.7185242,-2.8267481552058373,-0.0278816133149764,0.1150157549507978,-0.0824025501061808,-0.7602066573286824,0.0523680973165044,0.6423030750919685
1713497794.827174,-2.8198622827375863,-0.0326085483080462,0.1148026168107746,-0.0755765569332314,-0.7550263408333046,0.046396713311427,0.6496697266179838
1713497794.9337811,-2.8121732756904096,-0.0382352766731454,0.1140773830135817,-0.065417089493312,-0.7470602071153694,0.0375904755660234,0.6604609053484437
1713497795.0445597,-2.802985597744425,-0.0447323837465724,0.111892815219041,-0.0498098635695647,-0.7359183158471706,0.0240059534339474,0.6748088055824204
1713497795.1516073,-2.7919210109376404,-0.052190364520461,0.1077982360289648,-0.0269143395920676,-0.7188154303453528,0.004154872422132,0.69466735381541
1713497795.2528942,-2.7788541763867616,-0.0607504629056379,0.1007015226993939,0.005879746225761,-0.692809984307255,-0.0243672796817418,0.7206843899443179
1713497795.3580327,-2.7634880807294526,-0.0705795958928366,0.090670052176348,0.0508629681338696,-0.654174689615542,-0.0646444044446548,0.7518573900102454
1713497795.4635563,-2.7534464785073713,-0.0764823495590672,0.0974878602869999,0.0568214607087718,-0.6344914823953962,-0.0754301530310517,0.7671389524618903
1713497795.5684352,-2.74781433019181,-0.0786563899353554,0.1022766593851031,0.0522673858924834,-0.6326712755258553,-0.0802550751574365,0.7684753089123474
1713497795.6712954,-2.7442178646229847,-0.0806112508790057,0.103365380760239,0.0518196837870661,-0.6327161030348292,-0.0803138328029299,0.7684625830794437
1713497795.7785606,-2.743263025416968,-0.0786829364377777,0.1052849213774987,0.0389691990734851,-0.649078737739714,-0.0697895621961127,0.756510152440974
1713497795.886513,-2.7420909989890063,-0.0751356511515884,0.1061316434949246,0.0269747143172624,-0.6661363089019977,-0.0601932332048689,0.7429075026046437
1713497795.996451,-2.7406091478888657,-0.0716528989719712,0.1067307808231571,0.0160177742919498,-0.6819745099100499,-0.0510876322392238,0.7294136361296444
1713497796.1026542,-2.74001187023839,-0.0694377188616061,0.107550162527369,0.0036630485238753,-0.6934923102203256,-0.041953641745771,0.7192321528443059
1713497796.2071526,-2.7395116858866992,-0.0678087262420135,0.1067035868992306,-0.0077788068598302,-0.703517891189098,-0.0331018341433429,0.7098636034598679
1713497796.3146012,-2.738503786033199,-0.0671367472828615,0.1040603727999031,-0.0151282481792786,-0.7127352943246149,-0.0232281288550679,0.7008851477673951
1713497796.4189208,-2.737842343190755,-0.0662331534309625,0.1002508359270197,-0.0191531656114679,-0.7208242319512537,-0.013211975070745,0.6927272382357106
1713497796.519823,-2.7368388477504455,-0.0652685697671933,0.095977042927631,-0.0219879398712731,-0.7278369404803913,-0.0050983106888537,0.6853786732897958
1713497796.6246,-2.7333588173005694,-0.0645916503396459,0.0956912418978737,-0.0189774335377265,-0.7344886595688963,-0.0074435960780032,0.6783147196238888
1713497796.736896,-2.729249330053511,-0.0636481659132855,0.0959296720602075,-0.0143491119544734,-0.7406900395602732,-0.012018031323191,0.6715861338692408
1713497796.8503947,-2.725424082698827,-0.0627153935435474,0.0955223341921062,-0.0100751799617552,-0.7464479417721017,-0.0159838043089621,0.665175524935144
1713497796.9657893,-2.7233382026256217,-0.0614880161818371,0.0959392283581771,-0.0101426918114467,-0.7532176622949095,-0.0190794250037304,0.6574163479495599
1713497797.0741084,-2.72365002730407,-0.0615515707357733,0.0970777210879388,-0.0124233023657836,-0.7623913991233895,-0.0217370534886769,0.6466316699688003
1713497797.1901946,-2.724322619861232,-0.061827782757746,0.0981513632520103,-0.0142773428770022,-0.7710221777853188,-0.0242311492909766,0.6361869302709662
1713497797.302631,-2.725190271991332,-0.0622930071636844,0.0987629239073065,-0.0164576808387557,-0.7793450417170829,-0.026461364744099,0.6258196600205908
1713497797.4148395,-2.7255726048354827,-0.0635386841660329,0.0990304280148568,-0.0168894762896895,-0.7866205387184085,-0.0298523666056678,0.6164833411091185
1713497797.5215058,-2.7260713299927235,-0.0643991140605242,0.1000552338156755,-0.0178503423288486,-0.7931895640424147,-0.033017417480617,0.6078170209165401
1713497797.6272595,-2.726877760538021,-0.0652283049914008,0.1009242594559489,-0.0192214565219401,-0.7997137834984859,-0.0360911491370279,0.5989873362982565
1713497797.7483888,-2.727526999934367,-0.0661559708767019,0.1016228241315389,-0.0204689319572211,-0.8057708605869977,-0.0392400184876236,0.5905713877276064
1713497797.8587508,-2.728132141619707,-0.0671585186557342,0.1021700474278177,-0.0216823768098145,-0.8116161478277547,-0.042440650882111,0.5822438443417126
1713497797.9690285,-2.727395387285074,-0.0683512410569911,0.1039360489380035,-0.0231641465873256,-0.8119584033873111,-0.0454236310199492,0.5814840214714185
1713497798.0973191,-2.7262476011748507,-0.0699346556405313,0.1057744475730091,-0.0247265746545908,-0.8115472277108717,-0.0484329684247134,0.581750755281177
1713497798.2118149,-2.7248655354134073,-0.0717336258289428,0.1073926253842336,-0.026302224817183,-0.8110016799521175,-0.0513940390061888,0.582188217708964
1713497798.3225937,-2.723668016206335,-0.0738089303266429,0.1084915362354889,-0.0284709905370706,-0.8102876097150684,-0.0537803554443588,0.5828645345261259
1713497798.4344027,-2.722351374826152,-0.0753396236163255,0.1092454544078092,-0.0305847629562108,-0.8093551506070713,-0.0555514105929397,0.5838859933598786
1713497798.550125,-2.7204505544641533,-0.0776705710316053,0.1108743447477672,-0.0318157183760949,-0.8088763377395242,-0.0584163712568751,0.5842040378827309
1713497798.6555245,-2.718390403183167,-0.0802615921667698,0.1122276566269172,-0.0331547529700124,-0.8083015602780794,-0.0608800908187847,0.5846733827954002
1713497798.7673166,-2.716246579459622,-0.0829883512245651,0.1134322993743792,-0.034599083486944,-0.8076377160260849,-0.0633504987019023,0.5852443399027903
1713497798.873301,-2.713540689796269,-0.0866137128923365,0.1129141069215058,-0.0385986818147909,-0.8063204109609208,-0.0640674114935085,0.5867306907044267
1713497798.9871898,-2.7105946124035727,-0.0894875124712539,0.1117449539456872,-0.0432332264854702,-0.8047126743260316,-0.063905514005741,0.5886293274942765
1713497799.108663,-2.7075223188890343,-0.0916457050817797,0.1106004310731461,-0.0480590231363042,-0.8018795470271827,-0.063391257148717,0.5921664216010308
1713497799.2237358,-2.7021035567671947,-0.0926171442711543,0.1098869111900516,-0.0521670389965031,-0.790242232554013,-0.0618005473779758,0.607434363758068
1713497799.341658,-2.695960922282949,-0.0955117276540776,0.1112923121065594,-0.0565085668193892,-0.7769458542467906,-0.0609434545421301,0.6240575428541943
1713497799.4580643,-2.689521376937221,-0.0978992787055628,0.1127969024215896,-0.0605052299647941,-0.7635620770462368,-0.0617215888278875,0.6399238369652323
1713497799.568915,-2.6833503647141277,-0.1001423880903976,0.1136560160680259,-0.0639755574931518,-0.7512686018361768,-0.0633399160163687,0.6538277074104429
1713497799.686404,-2.6774980132957578,-0.1023396571422088,0.1141319563671275,-0.0675586159493667,-0.7400374178162668,-0.0650108093790532,0.6659985347631922
1713497799.7940586,-2.6720405535888205,-0.1044656293484985,0.1141905891422091,-0.0713481834831636,-0.7301495022251664,-0.0665557723492334,0.6762850510553903
1713497799.9099092,-2.666431470785781,-0.106934794805089,0.1138449020070386,-0.0756648868365354,-0.7200300192030774,-0.0676580527886915,0.6864794128298919
1713497800.019497,-2.660231591412269,-0.1097100091978464,0.113396894530581,-0.0815031371840136,-0.7080926082838531,-0.0671844646674694,0.6981750098866897
1713497800.1521692,-2.652550356415757,-0.1121717449398538,0.1129658070795695,-0.0858596187525118,-0.6967662831864991,-0.0648894717166679,0.7091785592800142
1713497800.270304,-2.6437901347696577,-0.1152582555024842,0.1123501554174632,-0.0904257835260647,-0.6834015151684457,-0.0610032691874714,0.7218477317880905
1713497800.391916,-2.6408352771867545,-0.1120939973190829,0.1172660178340575,-0.0956816461692139,-0.669418665387957,-0.0674083821745201,0.7336073766185627
1713497800.5045776,-2.6425470844941996,-0.1061776262104423,0.1220149705247734,-0.1003085544526128,-0.6625371163713581,-0.0800910145430487,0.7379486382692347
1713497800.6241546,-2.643156311530676,-0.1064897447405367,0.1234714109550545,-0.0987812103152235,-0.6651622122610672,-0.084219219450243,0.7353289243215002
1713497800.7365377,-2.6407139043458,-0.1095021839386745,0.122859366353479,-0.0967417494924047,-0.6648861899853992,-0.0823775469729753,0.7360579651267717
1713497800.8432198,-2.638068042077396,-0.1119773025025244,0.1229325788611896,-0.0978254680028989,-0.6558037102553367,-0.0814370778755841,0.7441234264370625
1713497800.9529834,-2.6415650540746114,-0.1116118305776672,0.1213441190518815,-0.1028068166826873,-0.6554670349496018,-0.0843012395498363,0.743429233719196
1713497801.0674407,-2.6447452102126787,-0.1141267173228143,0.1187232678222075,-0.1040032952443605,-0.6713170146398215,-0.082519416877937,0.7291826426016444
1713497801.1773934,-2.645102309191987,-0.1165346268860898,0.1166507828907627,-0.1050653090260963,-0.6822022263420728,-0.0799194206272271,0.7191483083618972
1713497801.2814927,-2.641132379302318,-0.1164548376879764,0.1191325218720923,-0.1059147573942653,-0.687493675145793,-0.0839638678265361,0.7135016325841539
1713497801.3913937,-2.635177028147345,-0.1174639797192843,0.1225461509366318,-0.1076736685702427,-0.6890353524078877,-0.0902699576047545,0.7109767921548491
1713497801.4960675,-2.629494172284742,-0.1182606490142578,0.1256868299108446,-0.1091369594965062,-0.6903711165323717,-0.0950497660710626,0.7088317060484389
1713497801.6050675,-2.624355700143977,-0.118188816211605,0.1274757867136574,-0.1117092794488877,-0.6928403180754056,-0.0974299072794843,0.7056916775063259
1713497801.70837,-2.6198493676947887,-0.118075820159926,0.1293302992839697,-0.1133932822764487,-0.6941500682604866,-0.0993230197175119,0.7038697209162575
1713497801.8151662,-2.615151150204566,-0.117855542756055,0.1306867687320126,-0.1149936583475735,-0.6950828009117604,-0.1004745968896523,0.7025248848235667
1713497801.919521,-2.6103658326652406,-0.1172136237890077,0.1315543015748846,-0.1169876312274581,-0.6959392047564805,-0.1010451355635747,0.7012648558152939
1713497802.0264626,-2.605936863754212,-0.1166070608060857,0.1321639288666882,-0.1187824730244991,-0.6965574129399209,-0.1012915660761204,0.7003131536837471
1713497802.1297526,-2.601641077963614,-0.1179328502539817,0.1313487656798108,-0.1221379062338881,-0.6996702894405867,-0.0992558276103935,0.6969161345673548
1713497802.2307315,-2.5974860860528373,-0.1200798013772936,0.1299213685634249,-0.1260108622224952,-0.7038180862011517,-0.0961667401687537,0.6924690045217958
1713497802.3324745,-2.594228655089389,-0.1219056302353163,0.1268764706699483,-0.128623678886286,-0.7084805978755073,-0.095898515379462,0.6872515306725308
1713497802.438573,-2.592581389066633,-0.1252253557830875,0.1217717959248181,-0.1307324055136621,-0.7110940649446432,-0.0948377276453187,0.6842953122477075
1713497802.540888,-2.5930019155149253,-0.1295764780214154,0.1158930162263275,-0.1334696655486569,-0.7130660606781412,-0.0941071878209241,0.6818111752440881
1713497802.648739,-2.591686810022169,-0.1332777427391045,0.1095752961178484,-0.1355303322116978,-0.7148129999066156,-0.0939637984088788,0.6795915749946194
1713497802.7519884,-2.589356277328859,-0.1362438846716626,0.1045989357942624,-0.1361796897072558,-0.719106989334744,-0.094625396033831,0.6748231356634097
1713497802.8628075,-2.586084010945243,-0.138043709765121,0.1022655813937837,-0.1388114867754235,-0.7244908404631807,-0.0922942064607875,0.6688244707529205
1713497802.9634378,-2.5824257412136085,-0.1394789838240393,0.1010429870234029,-0.1424083789694438,-0.7303076450715242,-0.0890031129978522,0.6621548482236398
1713497803.0686967,-2.5786288589165607,-0.1401160540896313,0.1003448062783385,-0.1461454093995259,-0.7362347923843833,-0.0845738201150262,0.6553221488285897
1713497803.1761236,-2.574403876002343,-0.1408978322718294,0.100126363645178,-0.1503740070868981,-0.7414496302353707,-0.0811905638221747,0.6488822667962956
1713497803.2813065,-2.5701081585771006,-0.1418178868406896,0.1001383741861175,-0.1545995605534735,-0.7464132231977965,-0.0778925819256564,0.6425721918921673
1713497803.3844872,-2.5657088458932864,-0.1428360367879504,0.1001065331782267,-0.1584895218704057,-0.7511716086119355,-0.0742677684857259,0.6364798382013355
1713497803.4867747,-2.561371078885798,-0.1437101781239652,0.100089873770839,-0.1624638883342397,-0.7557440632915087,-0.0705558484563138,0.6304587758415054
1713497803.5942051,-2.557256843008823,-0.1447188836396308,0.1002243145403683,-0.1662287513532576,-0.7603960511832545,-0.0666693550802664,0.62427641687127
1713497803.7015328,-2.553420902707296,-0.1456243160114674,0.1005204328935753,-0.1697495132888359,-0.7652120457389765,-0.0625818035480591,0.6178342380111723
1713497803.807925,-2.549462551425504,-0.1465598284995744,0.1007590221773057,-0.1730357783060342,-0.7698684391361146,-0.0583097594572287,0.6115236526907099
1713497803.912289,-2.5455401058696605,-0.147052967115572,0.1008393002775392,-0.1760683704646193,-0.7743755721108306,-0.054049369300421,0.6053272403569694
1713497804.0161254,-2.5413418447915,-0.1480651962381664,0.1018387618062623,-0.1775934970420524,-0.77727199810386,-0.0512685765175446,0.6013986397007165
1713497804.121161,-2.5363274021632,-0.1496801851970316,0.103288458906381,-0.1767615918949363,-0.7773825258451367,-0.0514767415798705,0.6014830780809406
1713497804.2260315,-2.532344769688281,-0.1502398669831187,0.1042852315824998,-0.1774498053612151,-0.776731078543196,-0.0529013055166961,0.6019982143470359
1713497804.3303502,-2.5280073713401103,-0.1515383403574691,0.1044059988365262,-0.176906081847269,-0.7749424262504518,-0.0559759867653439,0.6041813991742517
1713497804.4336984,-2.524005506785347,-0.1540771989620117,0.1047730265717872,-0.1768466422521837,-0.7716215848413862,-0.0586767113941647,0.6081796103709509
1713497804.5360055,-2.519136048887962,-0.157467106249223,0.1058245070535551,-0.1751024646589464,-0.7667823278363108,-0.060266893249314,0.6146152374993371
1713497804.6450343,-2.514347354774535,-0.1622033759697768,0.1064456343501524,-0.1718355891280861,-0.7598507775371913,-0.0637925903794124,0.6237225597954703
1713497804.7485645,-2.5094428473146,-0.1683141538230197,0.1065401411990727,-0.1666880887171589,-0.7493807692711175,-0.0690451940897254,0.6370842211980775
1713497804.8583698,-2.504620961812045,-0.1757999694538383,0.1066053216042,-0.1582494458482652,-0.7331124192685335,-0.0773045059646721,0.6569073808083701
1713497804.9713922,-2.5003901188135704,-0.1803856002822719,0.1089472562466926,-0.1526636709615213,-0.7260770472020139,-0.0759076813274231,0.6661410879164048
1713497805.082027,-2.497204052946716,-0.1823678567224602,0.112097587641191,-0.1538727705218425,-0.7279788129886915,-0.0693617909488043,0.6644990295612798
1713497805.184427,-2.495712830701876,-0.1856641732531115,0.1126282999635488,-0.1508852345320268,-0.7259835664591415,-0.0683204504378502,0.6674682189313959
1713497805.2892709,-2.493636604328682,-0.18961172479614,0.1131141986101466,-0.1454564221455137,-0.7221612255715719,-0.0695465910030754,0.672672925884075
1713497805.395797,-2.492461308894954,-0.1935843702046887,0.1132091487825386,-0.140027753110968,-0.7181518253632738,-0.071267284924861,0.677916778215092
1713497805.5069084,-2.4913346369086455,-0.1979812814008082,0.1127108717508707,-0.1351530938149492,-0.7141878163522238,-0.0727679200269522,0.6829159787420712
1713497805.6117637,-2.4907038950775093,-0.2018521475935848,0.1122130613558333,-0.1298167642000313,-0.7103188435809988,-0.0739131457834065,0.6878456186287638
1713497805.722407,-2.4867957755394947,-0.206245273661205,0.1144118190822419,-0.1210850793516963,-0.7072083660579103,-0.079431938741448,0.6920153882999056
1713497805.8311882,-2.4813102936975335,-0.2098257363584875,0.1186036269192591,-0.111646421562579,-0.7047821605899715,-0.0904859226209215,0.6947153953050439
1713497805.9452558,-2.4742477302463772,-0.2091211712872678,0.1221005925388467,-0.1032009102909642,-0.70247588128018,-0.100753923199967,0.6969403527523471
1713497806.0505722,-2.4685735634750667,-0.2104755988567448,0.1231579110542781,-0.0974763323945332,-0.6997030840526984,-0.1074010452749121,0.6995562695479967
1713497806.155757,-2.464321005871388,-0.2134853362424444,0.123879699555912,-0.0942992441089834,-0.6989019452726836,-0.1094609764375947,0.7004727104547769
1713497806.2603655,-2.460290912519263,-0.2174192354521219,0.1242981336950783,-0.0918215837705811,-0.6986335406510601,-0.1096880669686142,0.7010338797775146
1713497806.364928,-2.4561236082382956,-0.2217525840441398,0.1245106406529979,-0.090018954784857,-0.698373441010344,-0.109535568153958,0.701550485695793
1713497806.4700615,-2.4519531256439104,-0.22612343517904,0.1244366267679008,-0.088258937030071,-0.6980901275246115,-0.1091115547631093,0.7021219285168144
1713497806.5724523,-2.447870977421361,-0.2305309025352501,0.1242205333924934,-0.0866614064939475,-0.6976940481627684,-0.1085625951600884,0.7027993872470624
1713497806.6777215,-2.4441644084265883,-0.2342186578257613,0.1223459869094085,-0.0864767561572663,-0.6969074401665449,-0.1049202397920077,0.7041544814648403
1713497806.7827065,-2.440875819262479,-0.2372353978581335,0.1200367499082741,-0.0865168924684356,-0.6956592836571146,-0.1006513478297471,0.7060044578891346
1713497806.8918445,-2.437143634837788,-0.2399125082338419,0.1168266959404906,-0.0877819782137402,-0.6937424690425603,-0.095467655072033,0.7084501660545095
1713497807.0068984,-2.433454682776929,-0.2433107610617701,0.1139091222888104,-0.0887437801044454,-0.6919672243892159,-0.0910823765168238,0.7106404875546467
1713497807.11199,-2.4294874162981337,-0.2481385401586144,0.1126899949968328,-0.08810535102132,-0.6908726263600083,-0.0899283582854776,0.7119307210985582
1713497807.220288,-2.4250883970391643,-0.2516277905500479,0.1118363454955594,-0.0872233630658094,-0.6898504969157204,-0.0900538580316196,0.7130138003532923
1713497807.3280487,-2.42107136422708,-0.2541414011318366,0.1112749429168062,-0.0857144851629168,-0.6892192663368081,-0.0909651796752206,0.713691225972453
1713497807.434656,-2.417479298257515,-0.256134952738889,0.1099769021180781,-0.0837815662935578,-0.6926052097059973,-0.0932178572126176,0.7103443557417753
1713497807.5415404,-2.41417671446434,-0.258024305357714,0.1084323019696227,-0.0812564896230808,-0.6972982059085658,-0.0959837444381926,0.7056626075784754
1713497807.6532354,-2.410862955249653,-0.2593039779707533,0.1067567297018519,-0.078661736817993,-0.7015509235500826,-0.0990648112898547,0.7013022144488841
1713497807.7627935,-2.4075242650429862,-0.2601548559719709,0.1047295343560004,-0.0758630256548004,-0.7050939864152014,-0.1026282372689022,0.6975347421990513
1713497807.8732274,-2.404057746896591,-0.2610345342846042,0.1022910719775815,-0.0726955044628691,-0.7079417448737494,-0.1065411725581932,0.694393856572713
1713497807.9829822,-2.4018974223720075,-0.2627792800825876,0.099713065996982,-0.0708390539915678,-0.7104112404278374,-0.1120431758379002,0.6911902955420589
1713497808.0914202,-2.400023223607313,-0.2648838830680716,0.0969442234691378,-0.0698617505713756,-0.7126629229090105,-0.1179943730349114,0.6879739980914882
1713497808.1967523,-2.3982016828017296,-0.2669115991879162,0.0942237235914882,-0.068991325591044,-0.7148850434731988,-0.1241226458380003,0.6846700960328905
1713497808.30439,-2.3964009786305716,-0.2691172501335764,0.0916030954627947,-0.0681087523408141,-0.7171485912386648,-0.1302435192263655,0.6812457131156919
1713497808.411933,-2.3942931185119205,-0.2712466944491977,0.0889623513601943,-0.0672555119471351,-0.7193948181470654,-0.1360927147413133,0.6778101243934169
1713497808.5176215,-2.3920835197731702,-0.2732494948629819,0.0863168021444596,-0.0663891297800067,-0.7215795999457497,-0.1418739591143959,0.6743790804246466
1713497808.6225474,-2.3895267326632763,-0.2751122043942003,0.0836275299563274,-0.0653131558852279,-0.7236382782771325,-0.147470886494564,0.6710694237684555
1713497808.7253623,-2.387394146163493,-0.2766686498647636,0.0810659593148377,-0.0643392748738508,-0.7256829308865391,-0.1533074981504122,0.6676387889716198
1713497808.8315349,-2.3851102045329133,-0.278196843501273,0.0785067224142578,-0.063323262527754,-0.727620663493713,-0.1590714744475096,0.6642699756099967
1713497808.9439435,-2.3842483116325637,-0.2792574306488383,0.0765348037016603,-0.0617876611967038,-0.7288470225251324,-0.1616598366941449,0.6624427521530544
1713497809.0516107,-2.382510828418134,-0.2795869346043967,0.0754937311217305,-0.0632270500326248,-0.7239728545414712,-0.1604621637508122,0.6679203096445363
1713497809.1599422,-2.380915160636181,-0.2812994614208459,0.0755739630650077,-0.0655563719605615,-0.7283087406497871,-0.1541280612278845,0.6644646575481824
1713497809.2702117,-2.37740706619448,-0.2814909156621527,0.0796624572033373,-0.0678563751327479,-0.722796541462194,-0.1493000213723377,0.6713197268234818
1713497809.3786676,-2.3734257415636346,-0.2821103377168201,0.084887189603472,-0.0695757169283546,-0.7143703487407929,-0.1449110694635395,0.6810543343968942
1713497809.488692,-2.3682230749463113,-0.2823382058395511,0.0890069970453769,-0.072387770453436,-0.7074996851206098,-0.1406543107922918,0.6887819474249919
1713497809.600005,-2.3628371044152603,-0.2826785718786461,0.0925056934026499,-0.0757048145989678,-0.7019114703606825,-0.1363519475696626,0.6949800106597316
1713497809.7086844,-2.358366590031709,-0.2835303156992995,0.0953824306430221,-0.0777100358517542,-0.6978196818253506,-0.1324671171979391,0.6996151119339499
1713497809.8176148,-2.354448385603376,-0.2846907827166051,0.1003642906046694,-0.0793917353022355,-0.7020564640146764,-0.1304312596577715,0.6955583082711301
1713497809.9256113,-2.3507499197962463,-0.2865975494953977,0.1051340018492199,-0.0805953222982118,-0.7066401419471834,-0.1284879369268711,0.691125859649882
1713497810.039132,-2.346368905503595,-0.2895220557410418,0.1099266094480932,-0.0817625788432861,-0.7126874255888471,-0.1281597269674601,0.6848113597860824
1713497810.1487963,-2.3420951637973353,-0.291570686177793,0.1146956108643344,-0.0838658484648795,-0.7186882636845994,-0.1278257307261327,0.6783172426435967
1713497810.2597048,-2.337405293555484,-0.2943241564835536,0.1192187065401841,-0.0863441409609582,-0.7234798626345863,-0.1282715580196482,0.6728060530993807
1713497810.3709557,-2.333047635490238,-0.2966369146504533,0.1231009734085354,-0.0883491897992613,-0.7275912708841241,-0.1285352807462518,0.6680449421996408
1713497810.476446,-2.328524468318436,-0.298856791551583,0.1265833906411209,-0.090314485256624,-0.7308698959273472,-0.1288666558513321,0.6641279048418868
1713497810.5877926,-2.323872270192364,-0.3010637816916904,0.1294981116090168,-0.0924318905227033,-0.7334629493136082,-0.1290307434546257,0.6609383593362764
1713497810.7031047,-2.319279408275927,-0.3029351969229544,0.1319412360820801,-0.0942674640098931,-0.7351216879851425,-0.1291452392634486,0.6588104858444537
1713497810.810818,-2.314580232640405,-0.3046907735115795,0.1339815879797627,-0.0955624376402382,-0.7362104416662708,-0.1287013434759117,0.6574937036058259
1713497810.918068,-2.309666596484963,-0.3063498326065193,0.135575748534748,-0.0969059924009486,-0.7368912851123363,-0.1283062569349576,0.6566109708142391
1713497811.0248244,-2.304500264093275,-0.3081980266276096,0.136877824713132,-0.098414655363996,-0.7372621840946377,-0.1280340291549272,0.6560231054558564
1713497811.1327896,-2.298848626254274,-0.3099158228519284,0.1368698248375548,-0.1028012369623248,-0.7396173459643719,-0.1265639684998549,0.6529775257274959
1713497811.2419448,-2.293240499527573,-0.3113617833713578,0.1362763533671609,-0.1085562890298912,-0.7428548986376798,-0.1245448124072764,0.6487454981612569
1713497811.356717,-2.287380090938404,-0.3124321841531821,0.1339970288837367,-0.1144034117335388,-0.7436885043504255,-0.1209333279095641,0.6474676811096223
1713497811.4646506,-2.281185068950694,-0.3140253520851087,0.1322121917532778,-0.1176244943097689,-0.7412588281745245,-0.1190482944285954,0.6500210239564137
1713497811.5742257,-2.275068011924412,-0.3158053745066661,0.1307282221599728,-0.1197017939087447,-0.7372862823851074,-0.1185983470445924,0.6542284390181053
1713497811.6851003,-2.2687092105545372,-0.318781545904435,0.1309879242615986,-0.1200395845396683,-0.7354834660965373,-0.1189812387531122,0.6561234899521146
1713497811.788818,-2.263304653729509,-0.3214573061240746,0.1318596625471923,-0.1196759433164315,-0.734595921681958,-0.1199674254330166,0.6570040466196009
1713497811.8945482,-2.257955845783824,-0.3241996039948161,0.1331123480221669,-0.1189247623497342,-0.7341805097194162,-0.1209131828752482,0.6574312756898432
1713497812.0103247,-2.2527977235732366,-0.3264975446444995,0.1344802886055566,-0.1187910162354113,-0.7339221151875805,-0.1221993753266916,0.6575061489979487
1713497812.1204822,-2.2475917434821993,-0.328864566134523,0.1357662583185701,-0.1185319363207622,-0.7337533350014859,-0.1234692224099644,0.6575040490854234
1713497812.228278,-2.2423081943262755,-0.3311453439276093,0.1369061178544849,-0.1182880356744035,-0.7336078914746013,-0.1245670569689663,0.657503194289253
1713497812.340248,-2.236640912726033,-0.3337880052369416,0.1377847935316358,-0.1171860746892342,-0.7334688565137752,-0.1252138169432471,0.6577327424340431
1713497812.4494274,-2.2319820408526665,-0.3349318444096357,0.1382234337216643,-0.1175696841946847,-0.7330556230808006,-0.1277185992397783,0.6576433548939806
1713497812.554054,-2.2278186511040827,-0.3352959325145059,0.1390269563198678,-0.1193639071061316,-0.7320890143593125,-0.130619885954597,0.6578270123124904
1713497812.6589797,-2.223030548813151,-0.3350338454707071,0.1387711732102355,-0.1208439733342741,-0.7315902694158871,-0.1347686772396591,0.6572745358218646
1713497812.768534,-2.218348559328243,-0.3347106939777414,0.1361605066929726,-0.1221491790591591,-0.7348351111584529,-0.1378153207748873,0.6527663248235411
1713497812.8759177,-2.213318563769261,-0.3337819369498779,0.1325794062917547,-0.1234321101727817,-0.739515546210264,-0.1407046373762711,0.646593748896818
1713497812.986007,-2.2082069887971945,-0.3322739143967692,0.1286614365276783,-0.124810709662158,-0.744518734658922,-0.144028717951505,0.639820184818166
1713497813.0989645,-2.2046281436771196,-0.3319988549637395,0.127666087538887,-0.1284907229488533,-0.747681205466408,-0.1438939071608865,0.635419147170082
1713497813.2033584,-2.2027394507159643,-0.3333101568828381,0.1281711434457834,-0.135916198528951,-0.7485231387823219,-0.1389495194072922,0.633981804739996
1713497813.3113887,-2.200109218838708,-0.3343951592027978,0.1318346827772199,-0.1332587246529506,-0.7453981023874113,-0.1386286481330355,0.6382835413653736
1713497813.4267228,-2.194512161710275,-0.3359945771946444,0.1356325705586169,-0.1269803077437605,-0.733456502789501,-0.1450075723801057,0.6518361480567973
1713497813.554551,-2.1874549922821793,-0.3412652363523026,0.1374857685372385,-0.1159384933884212,-0.7171237935974588,-0.1559257271928639,0.6693122574752304
1713497813.6797218,-2.179427940941897,-0.3495560939285081,0.1372089275561785,-0.0980818520227123,-0.6939853541553112,-0.1705539747774297,0.6925861825140192
1713497813.7938514,-2.175407885424056,-0.3538568872942415,0.1391797626169038,-0.0948859226975298,-0.6913313206388144,-0.1718313979834003,0.6953643918440903
1713497813.9065871,-2.1737497103070385,-0.3561442815321684,0.1426785919335339,-0.0990726175147616,-0.6979427629539996,-0.1672329299974988,0.6892703846991851
1713497814.01921,-2.1710367129062424,-0.3590622464262434,0.1452123758387146,-0.1000591183001253,-0.7008935264663839,-0.1647348651448427,0.6867305596871515
1713497814.1252844,-2.167846623699966,-0.3623241586821088,0.1472350880319113,-0.0998509862195792,-0.7025961184188945,-0.1627931607622982,0.685482940519092
1713497814.2340517,-2.1643121662843763,-0.3658322194702685,0.1488233380335333,-0.0988417457615623,-0.7034099250908595,-0.1613077819754774,0.6851456677617032
1713497814.3455737,-2.1607681808616293,-0.3694173730781339,0.1500599760691778,-0.0976624304058279,-0.7036685749219266,-0.1603643719914367,0.6852706432865514
1713497814.454938,-2.1567610600433547,-0.373336973630372,0.1502468802912848,-0.094686118357911,-0.7010255069743456,-0.1615256639816686,0.6881186216321679
1713497814.5654442,-2.1522992243951102,-0.377588119407946,0.1498269103951452,-0.0907831488100018,-0.6975143320640073,-0.1632112727884467,0.6918050714559832
1713497814.6786869,-2.1476900622059776,-0.3818197155509998,0.1490018567133005,-0.0865978188321045,-0.6938971549696684,-0.1648414961224322,0.6955823727313971
1713497814.7936604,-2.143651563770444,-0.3852269194824806,0.1489527754366943,-0.0843607342212657,-0.6935134092677406,-0.1642624953264607,0.6963765147652591
1713497814.9064832,-2.1396490559123955,-0.3878972999787322,0.1492437213264813,-0.0824933288592675,-0.6942323038313647,-0.1627820695319436,0.6962315396831791
1713497815.014156,-2.1356960001875955,-0.3909058258776868,0.1496901566745105,-0.0807144533408121,-0.695531663935062,-0.1608407466636006,0.6955940883146675
1713497815.131903,-2.1318489218193366,-0.3938740073343975,0.1502261453781072,-0.0789481465484114,-0.6972674773929225,-0.158708359731509,0.694547990910646
1713497815.2391126,-2.1276220595024293,-0.3969631273635794,0.1498697140364768,-0.077740093023546,-0.6979326655394652,-0.1568660543541468,0.694434671730199
1713497815.344689,-2.123937971478063,-0.3986910593624598,0.1485331083740239,-0.077362441600688,-0.6992822672687032,-0.1516781365134944,0.6942716371975136
1713497815.4572957,-2.120228005614879,-0.399942919248213,0.1463026172801318,-0.0785186281785577,-0.7004247775454837,-0.1456289580883674,0.6942853610695057
1713497815.5671124,-2.1169844083238143,-0.4009490550559766,0.1427914496191202,-0.0791218499809423,-0.7046984613388936,-0.1410354664414492,0.6908319684610955
1713497815.6787565,-2.1139813641232923,-0.4024454602629891,0.1404721900680733,-0.0777014650086734,-0.7104769641644271,-0.1394769236796797,0.6853693555215744
1713497815.7878425,-2.1096906303702543,-0.4055236907398403,0.1400652375309293,-0.076330136046454,-0.712576126284,-0.1388437130031683,0.683470114884852
1713497815.8948843,-2.104739244633358,-0.4082370729203978,0.1405473299380085,-0.075255096773928,-0.7131853945221802,-0.1383262638595114,0.6830586418283996
1713497816.004896,-2.0998359664110797,-0.4106265257798394,0.1411397717675478,-0.0742299446568727,-0.7132221663726351,-0.1380786310887834,0.6831825146676476
1713497816.117171,-2.0950382520544513,-0.4128466276296927,0.1417644505239276,-0.0731209703111272,-0.7130611665331645,-0.1377090657183468,0.6835446654770279
1713497816.22318,-2.090292675225407,-0.4150695042584937,0.1423376458951012,-0.0719808276693774,-0.7128012276664273,-0.1373006072574912,0.6840187961832555
1713497816.3304498,-2.085484303907067,-0.4172150757699112,0.142964408643809,-0.0710484490346513,-0.7127654855697613,-0.1368160478045633,0.6842505751063807
1713497816.4335132,-2.0806688588150632,-0.4193207668392832,0.1435421453987797,-0.0701919111569948,-0.7127635455948864,-0.1364730320344768,0.6844094791909677
1713497816.5373983,-2.0760335264212135,-0.4214706749227539,0.1440178843430856,-0.0692385252009108,-0.7127843079783651,-0.1360684855843319,0.684565500269034
1713497816.6421142,-2.071388284345444,-0.4236055979607156,0.1444029572448243,-0.0684833905271977,-0.7127334070402289,-0.1357811750110012,0.6847514791684343
1713497816.7481244,-2.066710394183202,-0.4257922304568599,0.1446035374833394,-0.0682447440879718,-0.7124765595559257,-0.1356028659357603,0.6850778566978551
1713497816.8572917,-2.0621366795289013,-0.4276046257066022,0.1447882954384014,-0.0675124634307006,-0.7123009295458621,-0.1357228300113783,0.6853092487799372
1713497816.9624648,-2.058281159454118,-0.4293196349818302,0.1437781649539532,-0.0660018358231518,-0.7165411626361131,-0.1378929103369034,0.6805865596637065
1713497817.0741465,-2.0547933975102803,-0.4310079503791239,0.1423819300754925,-0.0641842160999557,-0.7219381154208284,-0.1407905858196018,0.6744358789765194
1713497817.186057,-2.051419228350609,-0.4321889980609305,0.1409219417202965,-0.0621081733071141,-0.7275605452520933,-0.1441086543465725,0.6678554660578518
1713497817.2917922,-2.049548089793714,-0.4329019030358686,0.1390553767862033,-0.0582886543552709,-0.7323965235741117,-0.1453295456993922,0.6626289219290205
1713497817.4040017,-2.0473463398598253,-0.4329716557443231,0.1353307646802593,-0.0568739795826761,-0.7355812415310097,-0.1434731208226086,0.6596219001485238
1713497817.5156825,-2.0449028289430013,-0.4324454533315376,0.1341523181155093,-0.0526461208797358,-0.735993758104671,-0.1440179150801352,0.659393974891529
1713497817.627461,-2.0421009666287957,-0.4308195682486963,0.1346674977242415,-0.0449831766856644,-0.7336227915996127,-0.1470457024336953,0.6619302643456022
1713497817.7341757,-2.0384307254998135,-0.4302185615456993,0.1351729354991753,-0.0393045402731255,-0.7324735099596021,-0.1505753001244868,0.6627705404691729
1713497817.841198,-2.0341618230892533,-0.4307681292535846,0.1369708193037614,-0.0398500686024222,-0.7262430303100393,-0.1511408897930755,0.6694321955142516
1713497817.954886,-2.0262351262766023,-0.4325216353658815,0.1384809879870317,-0.0457888319760234,-0.7086914552331363,-0.146007726353247,0.6887245806495995
1713497818.0691147,-2.0177397682036324,-0.4347309562757276,0.1401376779887008,-0.0482051453836187,-0.6974793857043313,-0.1408257198872065,0.7009756679759314
1713497818.1793647,-2.0151814554992624,-0.4363488090555218,0.1442256030075496,-0.0472105368603135,-0.7037446651611825,-0.1413455312776199,0.6946481499683013
1713497818.2854695,-2.011517920668399,-0.4369552901895429,0.1473087245178061,-0.0475024979917137,-0.7067271495121629,-0.1415377023754158,0.6915542839381797
1713497818.3920636,-2.007118605598229,-0.4373573008702476,0.1500585870983284,-0.0477163415576738,-0.7083867700379837,-0.1411451288940567,0.6899198412663492
1713497818.497995,-2.0027613342630906,-0.437661066003282,0.1523978705924036,-0.0478603278744383,-0.7090048453178922,-0.140354847053685,0.6894360269379892
1713497818.604849,-1.9979883963350695,-0.437678083044234,0.1543780919219292,-0.0482092859382103,-0.7089998097648775,-0.139459476912058,0.6895985707657104
1713497818.715375,-1.9930430331270503,-0.4376682961594838,0.1560459293661132,-0.0487786274968982,-0.7086297448846427,-0.1386715577462935,0.690097622975519
1713497818.8196611,-1.9879759903653889,-0.4375469629602432,0.1574709042657346,-0.049324065484219,-0.7078763122577938,-0.1378780396666142,0.6909905276384812
1713497818.9256003,-1.9819924165047371,-0.4373503183284691,0.1577792453746885,-0.0505034767410084,-0.7040103632127331,-0.1361565363956235,0.6951835764191308
1713497819.0424628,-1.9755159570964964,-0.4365914204120947,0.1574316012657949,-0.051742619882244,-0.6986601382338927,-0.1339680153126788,0.7008917772408958
1713497819.1519024,-1.9689942155946747,-0.4357599105985164,0.156677799503672,-0.0529557406780487,-0.6930849956951494,-0.1317500782588957,0.7067324777808566
1713497819.258663,-1.962817347948569,-0.4344584997327435,0.1544683328849143,-0.0560734175716207,-0.6899898049214249,-0.1282576566653179,0.710154782039137
1713497819.367402,-1.9574931402885472,-0.4331987054157943,0.152356470815418,-0.0607448215807633,-0.6929471199105764,-0.1254040825847304,0.707395343305171
1713497819.4762602,-1.952723978737815,-0.4327899622041634,0.1510558564628621,-0.0650050498618142,-0.696990414623975,-0.1239072091328541,0.7032963165975418
1713497819.583324,-1.9474715886943257,-0.4329295193004123,0.1510428551516609,-0.066475549849435,-0.6995079990088753,-0.1236086093337937,0.7007071230502658
1713497819.6880844,-1.9418479913082995,-0.4330139895196184,0.1515686799117709,-0.0669395664891746,-0.7008507888507841,-0.1243045847352574,0.6991964219153802
1713497819.788269,-1.9362644174208123,-0.4330308178054931,0.1521950762331912,-0.0673205880119757,-0.7018629079626291,-0.1252640008958996,0.6979722966819788
1713497819.8975222,-1.930522444056195,-0.4336033529693514,0.152700565215642,-0.067548372516981,-0.7025844290948978,-0.1263263252871267,0.6970322782362054
1713497820.0053113,-1.9248923069192432,-0.4341995689057504,0.1531440984826678,-0.0677641493246431,-0.7029874137794223,-0.1273121328466901,0.6964253994248442
1713497820.1200736,-1.9192465117354212,-0.4340998681249147,0.1516312462451754,-0.0659521048025993,-0.7033586148070184,-0.1312680514070784,0.6954895236656322
1713497820.2265158,-1.9134426029341327,-0.4339013641358061,0.1492350055261289,-0.0622534936316361,-0.70358263377813,-0.1358567781515359,0.6947221860620042
1713497820.3351228,-1.9073003331407736,-0.4331693664719868,0.1464117949503654,-0.0575307671812062,-0.7036992591660041,-0.1401478692056888,0.6941585829144981
1713497820.439688,-1.9014730925482344,-0.4333765848276185,0.1454182222310052,-0.0551941284596733,-0.7034976878468406,-0.141520821729885,0.6942740585637811
1713497820.54976,-1.895647270085109,-0.4350137687823444,0.145126913009124,-0.0548376151661087,-0.7028523136989229,-0.1422998045241846,0.6947965362056316
1713497820.658158,-1.89006049947535,-0.4368764652460404,0.1454213330030953,-0.0551399631468562,-0.7020714108575357,-0.1423799561828218,0.6955453016145322
1713497820.7633638,-1.884664838015418,-0.4386963320651834,0.1456598643350333,-0.0558445122612043,-0.7013786429910303,-0.14218442644278,0.6962276771886529
1713497820.8696449,-1.8790443270355677,-0.4406734232329455,0.1459473448675455,-0.0559750347178618,-0.7004903735047534,-0.1413964228497498,0.6972711694318073
1713497820.9777656,-1.8734257012231976,-0.4424339862687352,0.1460674399747504,-0.0560791216143495,-0.6995684381628834,-0.1408561210931374,0.6982969895366173
1713497821.081366,-1.8677229434506124,-0.4440820561650646,0.1460860683261746,-0.0557170892273241,-0.6987627224741944,-0.1405705754483052,0.6991896573653096
1713497821.1861212,-1.862384559538642,-0.4460052593348144,0.1461453109327867,-0.055610319961553,-0.697800927265645,-0.1396784156614994,0.7003365608186348
1713497821.2954116,-1.8574744066174775,-0.4480938156600493,0.1462051580589697,-0.0558726947621269,-0.696881576283319,-0.1380494620154759,0.7015530319613282
1713497821.402526,-1.8527745456783211,-0.448120292751365,0.1448735304087307,-0.0578870097402326,-0.6964570368353701,-0.1400238035977946,0.7014200056826414
1713497821.508574,-1.8479806696788144,-0.4474310166948722,0.1419318254766623,-0.0588964946433214,-0.696789706545009,-0.1441712146946823,0.7001642440350044
1713497821.6199338,-1.844625668251211,-0.4475049399839135,0.1390909809213911,-0.0614074663252421,-0.6985650829566911,-0.1465365546943788,0.697684015935242
1713497821.7323549,-1.8439426612648695,-0.4508444769579816,0.1379187080684369,-0.0687282648481134,-0.6962344616030567,-0.1422878679757582,0.7002058002574548
1713497821.846691,-1.841673314503358,-0.4544868095918887,0.1373302526603297,-0.0736796092908446,-0.6930836100195824,-0.1377318580592177,0.7037303176448543
1713497821.9610898,-1.8368465467225512,-0.4568440280933672,0.1376993372432381,-0.0737161312304658,-0.6899578851016557,-0.1357729464945658,0.7071702452611021
1713497822.0713184,-1.8316677348290284,-0.4590587139276385,0.1383516937825662,-0.0708972855540425,-0.6859611202482843,-0.1365676388173532,0.7111822526164728
1713497822.1926076,-1.8251169438912331,-0.4623754623971466,0.1388372326417944,-0.060711243789478,-0.6729482575582549,-0.1431173291107352,0.7231681807401739
1713497822.3069386,-1.821280806134037,-0.4632598352651443,0.1424234714557485,-0.06074647280142,-0.6762685944238117,-0.1432094877143959,0.7200428437716807
1713497822.4182234,-1.81874285544501,-0.4648859331488932,0.1454294573322826,-0.0630569940949949,-0.6822372568665481,-0.1405937259847216,0.7147094130152789
1713497822.529995,-1.8157744416532169,-0.4666348603755212,0.1479600828309394,-0.0642094209737402,-0.6864308273383704,-0.1382844689932396,0.711032541571084
1713497822.6430893,-1.812560097447853,-0.4686322173607373,0.1500357264179084,-0.0646819461253664,-0.6897050222129582,-0.1360310191125536,0.7082505136029611
1713497822.748355,-1.8090518187342937,-0.4704211202125292,0.1517365934712231,-0.06431135158328,-0.692087707789917,-0.1338438404549429,0.7063741792817049
1713497822.8562317,-1.8051179216719877,-0.4724611619029413,0.1531623120792634,-0.0634177025891165,-0.693829590278037,-0.131934268689035,0.7051042783861259
1713497822.9632902,-1.801029517195456,-0.4744388799454525,0.1543333333435463,-0.0620876733966484,-0.695028870083611,-0.1303856703367368,0.7043291613537878
1713497823.0687437,-1.7971809310019018,-0.4752204632470618,0.1548712221509814,-0.0605869365982573,-0.6959315759305045,-0.1278980208853962,0.7040245457298504
1713497823.1712763,-1.7930351757445038,-0.4771730792925829,0.1553538324015689,-0.0593330951628876,-0.6965443663254711,-0.1264802435722402,0.7037814131849083
1713497823.278715,-1.7895055521883112,-0.4780934813966245,0.1533592542330473,-0.0562550197337764,-0.6965818892386504,-0.128167346746736,0.7036918186019836
1713497823.3864949,-1.787004599873203,-0.4791431235624424,0.1507124796007307,-0.0525363896607888,-0.6970088031407234,-0.1323040191280996,0.7027903689069007
1713497823.4931269,-1.78463663788102,-0.4807380086260209,0.1473407084184137,-0.0488868779744097,-0.697862934519367,-0.1362431033944061,0.7014522183038516
1713497823.601572,-1.7807890464726828,-0.4808455604969382,0.1446005290797057,-0.0466724360302347,-0.7019191515272925,-0.137398442742072,0.697318332159899
1713497823.7098172,-1.7766445160633413,-0.4822690322512915,0.1437766793052297,-0.0449325956708342,-0.7045772318806183,-0.1358725887819772,0.6950472111874204
1713497823.8170545,-1.7726260315012563,-0.4844501589553797,0.144156171560006,-0.0429120225521161,-0.7066318094190795,-0.1333980941466056,0.6935668624694074
1713497823.9253707,-1.7684773416760466,-0.4868084230925614,0.1446526903257927,-0.0415287509737387,-0.7082805222520308,-0.1305341670631248,0.692513462591225
1713497824.0298834,-1.7644883567310472,-0.4883629511882625,0.1436173045593454,-0.042220838719666,-0.7094453194807917,-0.125131217370484,0.6922766194838493
1713497824.13388,-1.7602064773936257,-0.4898010631554135,0.1417674517379015,-0.0441599409910207,-0.71008957810833,-0.1187021051758818,0.6926272452772974
1713497824.242726,-1.7558081137070638,-0.4911592071058907,0.1395013689918778,-0.0464046704649353,-0.7103875910535727,-0.1119393105641046,0.6933005609305215
1713497824.3520217,-1.7509294366088473,-0.4944376196406559,0.1389778973480675,-0.0469563883405846,-0.7105601900685902,-0.1089125885882067,0.6935685704605663
1713497824.4581687,-1.7459563195144774,-0.4972716442874029,0.1391931141690576,-0.0464626470590439,-0.7107304312503789,-0.1071055306763422,0.6937087874760247
1713497824.5670874,-1.7410150407222502,-0.4994135036435871,0.1396748984391328,-0.045486391447324,-0.7107756887143547,-0.1060812977095357,0.6938844765535517
1713497824.6719708,-1.736064461847018,-0.5012061040819128,0.1401705181191485,-0.044418416677495,-0.7106796951955394,-0.1056477240064725,0.6941180976670268
1713497824.7784822,-1.730981718144877,-0.5029113330717897,0.140721190167004,-0.0434023900641504,-0.7107756645498484,-0.1052322342476543,0.6941472207649381
1713497824.8837657,-1.7259734992751776,-0.504598418357764,0.1411778730512752,-0.0423466902692519,-0.7108751281891009,-0.1049093214431908,0.6941594515813343
1713497824.9921005,-1.7210147798345905,-0.5062666419859709,0.1415121432317456,-0.0413561986851822,-0.7109453164817673,-0.1046874025981402,0.694180790241423
1713497825.0977426,-1.71619387114971,-0.507918741657619,0.1418337354522106,-0.0405127515138903,-0.7111633491528541,-0.1043720054278222,0.6940546752738175
1713497825.2027433,-1.7114834728982813,-0.5097614579074978,0.1422668311307329,-0.0394667598880563,-0.7114720871054065,-0.1042385501251643,0.6938185416963278
1713497825.307617,-1.7068043454849493,-0.5113762998900564,0.1424976070522376,-0.0386520735195505,-0.7113285001235635,-0.1043999882310727,0.6939873374795485
1713497825.41627,-1.7022201169761968,-0.5128697180803048,0.1425557204460131,-0.0377360431263364,-0.7110904606986541,-0.1045714579772911,0.694255830316928
1713497825.523807,-1.6977849058317624,-0.5141417192344278,0.1423081412475067,-0.036763540228136,-0.7118265303438035,-0.1053616543685775,0.6934337420383528
1713497825.6313329,-1.6939172477596318,-0.515541471069989,0.1412322154052363,-0.0349573475672019,-0.7164873713429951,-0.1078850526711351,0.6883201624006211
1713497825.7356186,-1.6904548867211382,-0.5168198462746509,0.1399689100337567,-0.0327083153043085,-0.7219994220634905,-0.1110912249095841,0.68213322774809
1713497825.8414586,-1.689256986472921,-0.5163524816515627,0.1390369360032088,-0.0267956850108822,-0.726023330335075,-0.1133615010251471,0.6777324583929044
1713497825.944329,-1.687302642346966,-0.5161664307226781,0.1389239179102965,-0.0195549963333941,-0.7304093354852486,-0.1189942208942998,0.6722798376778507
1713497826.0502932,-1.6845417091980297,-0.5174862721373691,0.1390676950590987,-0.0146189238569931,-0.7353676084216293,-0.1230906850850153,0.6662352818598086
1713497826.1540203,-1.6818189998476691,-0.51982177092946,0.1397494074246819,-0.0109511804430745,-0.7400768964142704,-0.1262845616923931,0.6604683705665888
1713497826.2600725,-1.678785876232519,-0.5207367013615131,0.1403288401038468,-0.005777900826111,-0.7420703396244812,-0.1305017726584867,0.6574705424919381
1713497826.368039,-1.6753996990189837,-0.5203027893569196,0.1406627381730481,0.0002179144164871,-0.7420670813134174,-0.135032819170337,0.6565839908886024
1713497826.4780097,-1.6716977534211557,-0.5197071273864533,0.1410861617565394,0.0053131539709356,-0.7398170326562131,-0.1387047564668726,0.6583338963778961
1713497826.5874376,-1.6653306802959758,-0.5200571108359875,0.14222547330252,0.002658549306831,-0.728955074149772,-0.1358099159317649,0.6709494010143319
1713497826.6999104,-1.6542716557716728,-0.5206183890196091,0.1421538930766611,-0.0054556133477462,-0.7059744087507993,-0.1260153768238338,0.6969149842526753
1713497826.8101091,-1.6454500514400383,-0.5203500484109223,0.1439623101500153,-0.0095467913841135,-0.6972352733369849,-0.1209234966401415,0.7065050179222297
1713497826.9173229,-1.6427734447451745,-0.5211392225671833,0.1482205944770743,-0.00855943526349,-0.7052149144658468,-0.1216582596114715,0.6984253205255422
1713497827.0223258,-1.6386318470325092,-0.5216265027043857,0.1512878335091909,-0.009621440106235,-0.7079318967241526,-0.1213107849294712,0.6957180110868351
1713497827.130386,-1.6338368264078835,-0.5217796558552754,0.1537312335559683,-0.0101956247452315,-0.7091162187965968,-0.1199286665333892,0.6947426519360925
1713497827.2390983,-1.62914666399736,-0.5216161495022469,0.1557094850380345,-0.0108429553915789,-0.7090897515809412,-0.1182964665055957,0.695039639541189
1713497827.345477,-1.6241901844840343,-0.5213421481184702,0.1572716798792337,-0.0115996554676685,-0.7084967888262657,-0.1165668854034337,0.6959237813462363
1713497827.4583466,-1.6188077515573511,-0.5199123341728671,0.1564137564160574,-0.0143942128032944,-0.7071348637778954,-0.1119669060622095,0.6980089562566137
1713497827.5650375,-1.6131464205570103,-0.517891347378984,0.1542268979537573,-0.0188283619265321,-0.7052580291574573,-0.1067222354656467,0.7006189902888145
1713497827.6711671,-1.607683479835503,-0.5160098331182005,0.1517270165221617,-0.0230169589496692,-0.7036957570257801,-0.1012921521464832,0.7028672712953402
1713497827.779992,-1.601946843683158,-0.5139128226052009,0.1488463375416164,-0.0277361195736605,-0.702463796185386,-0.0962603500912156,0.7046341374927337
1713497827.891207,-1.5961068597005132,-0.5132877990130884,0.1484110200311292,-0.0299746155536523,-0.702687671106038,-0.0949760803049425,0.7044935084639833
1713497828.0010045,-1.590752936231582,-0.5126927723582904,0.1488523149363239,-0.0308016945019466,-0.7032220986785621,-0.0945690468505189,0.7039791409720263
1713497828.111943,-1.585125661948391,-0.5122077385285713,0.149640567349199,-0.0314344494203989,-0.7038297075916414,-0.0951086488882045,0.7032709030009426
1713497828.218113,-1.5795198001419837,-0.512345190317073,0.1505275740791536,-0.0323120732386567,-0.7045111317116771,-0.0961319257181787,0.7024091742532029
1713497828.325957,-1.5737972641508204,-0.5124520733233338,0.1513008212796633,-0.0326872685414236,-0.705044739989252,-0.0970228401704655,0.7017335858957056
1713497828.4337218,-1.567992761336474,-0.5126339326361549,0.1519179740433978,-0.0329800386014147,-0.7054378216644421,-0.0978816697306739,0.7012053733036502
1713497828.5427244,-1.5622511403885355,-0.5129714901769377,0.152365441473596,-0.033459355737997,-0.7057592414082856,-0.0987483619433552,0.7007375583582655
1713497828.647043,-1.5567026910621986,-0.5134229512503793,0.1526670131931655,-0.0337490617436715,-0.7058874056416321,-0.0995902489721235,0.7004753769388459
1713497828.7590113,-1.5511946108513328,-0.5139979819506344,0.1528640650728341,-0.0340104133045885,-0.7057723411731736,-0.1004128551522522,0.7004612428549929
1713497828.8689492,-1.5457283783455713,-0.5147180994138152,0.152915877906752,-0.034225741669788,-0.7055002815499465,-0.1012627260489718,0.7006024633508151
1713497828.9860184,-1.5400962755759418,-0.5156702280382294,0.1527690079281753,-0.0345086127651738,-0.7050004101185109,-0.1022878826676952,0.7009427697302503
1713497829.0902956,-1.5344566504199428,-0.5166770118922686,0.1525151137314292,-0.034662934195504,-0.7044276632612183,-0.103191997049013,0.7013783287002345
1713497829.1920552,-1.5289168573847507,-0.5177697677666738,0.1522065682974404,-0.0346226320689664,-0.7035755953529353,-0.1041859744339703,0.7020882691682179
1713497829.2974968,-1.5233136024751035,-0.5187948069338323,0.1519312229061225,-0.0345230546803715,-0.7025521069066529,-0.1052762822211669,0.7029549062196296
1713497829.4036517,-1.51764423047709,-0.5199704295806191,0.1516345520917387,-0.0339905854137568,-0.7012297518607118,-0.1062666613563093,0.7041511711932162
1713497829.5098677,-1.5118050002911492,-0.5212758727953828,0.1513606293315334,-0.0332873985402705,-0.6999422736034948,-0.1067735565492474,0.7053879573277505
1713497829.613917,-1.5061464490625645,-0.5226423328148193,0.1511215678103564,-0.0325286448386381,-0.6988355712035933,-0.1069942292814088,0.7064863527245142
1713497829.7244666,-1.5008330865683523,-0.5240469748069265,0.1506576263575095,-0.0323182408836397,-0.6981357425681561,-0.106681193665564,0.707234854325695
1713497829.833512,-1.4955783143297967,-0.5253666335515166,0.1500729404941143,-0.0329057493666227,-0.698399682764606,-0.106083353052947,0.7070370690267681
1713497829.9423306,-1.4909743443136774,-0.5261900208738607,0.1488905292499132,-0.0358704825391294,-0.7023540238185999,-0.1031190801002288,0.7034049964476471
1713497830.048937,-1.487341698260262,-0.5250904487397025,0.1470518166692124,-0.0401357126930747,-0.7065856565383196,-0.1020793396420653,0.6990748478948235
1713497830.153433,-1.4839888393767608,-0.5241549582732616,0.1433369934193309,-0.0428330175200264,-0.7114602822459134,-0.1025927596935783,0.6938763038576474
1713497830.2590718,-1.4817788547038884,-0.52455672365103,0.1411990508373268,-0.0467761412087789,-0.7131383200256468,-0.1025863563641902,0.6918972240243012
1713497830.3705783,-1.479093746806024,-0.5262366382688174,0.1415064867804072,-0.0522377681878908,-0.7090191019495334,-0.1011757002993692,0.6959357774352154
1713497830.479463,-1.4755066273943565,-0.5295787261363145,0.1408456856877898,-0.0544357886903583,-0.7035330033059789,-0.0991887119955674,0.7015979315687786
1713497830.5877502,-1.4699379361668532,-0.5321610044759824,0.1405188470530814,-0.0526382995191319,-0.69605750230515,-0.1001559781869585,0.7090147691986844
1713497830.6964662,-1.4632380467573614,-0.5357051357255445,0.1402808558558511,-0.0473789086572573,-0.6854616293058583,-0.1042140678343209,0.7190528644190418
1713497830.8178897,-1.455594561864726,-0.538955487778392,0.1396762929135045,-0.0372651486278348,-0.6697322708956218,-0.1102067448105096,0.7334333421770585
1713497830.930741,-1.4525459015379631,-0.5394533653319729,0.1432140151618288,-0.0384236704355142,-0.6761181151341815,-0.1083150448637563,0.7277745303277845
1713497831.0401273,-1.448826276611357,-0.5393410058306226,0.1457556373837813,-0.0403140521384882,-0.6814583691829238,-0.1058704601073391,0.723035762564609
1713497831.148415,-1.4442873484653047,-0.5399780488522617,0.1489487598735774,-0.0396534667323766,-0.6852175993214802,-0.1054506872341426,0.7195725097014607
1713497831.256173,-1.4404540275988544,-0.5415051411349736,0.1514457027160522,-0.0391118822479574,-0.6879240040725645,-0.1046760944016895,0.7171288172627013
1713497831.36133,-1.436490382088961,-0.5431192595999668,0.153274133693773,-0.0382200895580946,-0.689826792154744,-0.1034607312514769,0.7155236534654719
1713497831.4696162,-1.4323633212345448,-0.5445491761016167,0.1547874480792111,-0.0371469443786425,-0.6910187661804496,-0.1022406877923925,0.7146047936233831
1713497831.5732994,-1.4280672280746458,-0.5458791620087531,0.155994926991388,-0.03578850799899,-0.6916337413910462,-0.101281684429202,0.7142156333095863
1713497831.6797063,-1.4236763323627302,-0.5453560157630442,0.1559860265651263,-0.0338945071794257,-0.6939777797762754,-0.1016872437965032,0.7119731090490187
1713497831.7916515,-1.4197854772454035,-0.5449015424098412,0.1540969974039707,-0.0307030060985572,-0.694175632651141,-0.1035016143821209,0.711663496513763
1713497831.896154,-1.416531993984649,-0.5437898188115904,0.1519118683022016,-0.0261137176290073,-0.6937077557282195,-0.1064385449176015,0.7118696928159909
1713497832.0032609,-1.4134121133998432,-0.5422600625772748,0.1488722618540004,-0.0223804488549802,-0.6935189316298909,-0.1094242648721232,0.7117281343583235
1713497832.1113682,-1.4099273351992625,-0.5413817101563259,0.1471724590352229,-0.0192121005527088,-0.6969887357256574,-0.11133519435906,0.7081257458678738
1713497832.219994,-1.405576549650109,-0.5413803009261167,0.1463019448283044,-0.0178067692235625,-0.6993833865581642,-0.1096400092631137,0.7060629334167293
1713497832.3281407,-1.4011429855179696,-0.5428645689551668,0.1464550022270235,-0.0165001691700129,-0.7013700354113789,-0.1074893464905329,0.7044528786479903
1713497832.437723,-1.3966706526326678,-0.5441858949706366,0.1466331266257907,-0.0153449431793858,-0.7029992488911976,-0.1043166539503013,0.7033310916530328
1713497832.542787,-1.392112341583967,-0.5466043003820417,0.1473030025814783,-0.0139133420945954,-0.7044922139414836,-0.1022030831111766,0.7021763804131806
1713497832.6494632,-1.387804451605061,-0.5476579432499048,0.1455534759776225,-0.0151258045939664,-0.7057003386305178,-0.0967791912523016,0.7017065128903309
1713497832.7544754,-1.383667929471916,-0.5484012928094559,0.1435086449954813,-0.0165282507215939,-0.7062537174033058,-0.0904780263172654,0.7019588523096123
1713497832.8634248,-1.3789986023763616,-0.5494881282298517,0.1411491159395666,-0.018755073668351,-0.7065965054666372,-0.0846252676964949,0.7022878254258206
1713497832.9762273,-1.3743196763447256,-0.5508004470167518,0.1384480385773056,-0.0213415288087834,-0.7068691170757347,-0.0787410869373573,0.7026239618036085
1713497833.115594,-1.3691558418795984,-0.5536300105142211,0.1376953233660937,-0.0217487004893846,-0.707173328098588,-0.0764790289829007,0.7025552193093598
1713497833.2249353,-1.3641163279331945,-0.5556145662762287,0.137639498437354,-0.0209957587459839,-0.7073657483689898,-0.0755649038088162,0.702483324685664
1713497833.327105,-1.3590942196318998,-0.5570045051961655,0.138018179998883,-0.0199087843433766,-0.7076955317579772,-0.0752649468035214,0.7022149688082888
1713497833.4366353,-1.3540880001872213,-0.5581408552597322,0.1386020828092849,-0.0187753617167093,-0.708106979607436,-0.0752907794536818,0.7018285330142243
1713497833.5422418,-1.348938345663558,-0.5593301988491374,0.1391917018479594,-0.0178848551207951,-0.7085834753743032,-0.0754381287861215,0.7013548881336974
1713497833.64774,-1.3437157104927295,-0.5605790590875976,0.1396704423735981,-0.0172675572611523,-0.7089860436654514,-0.075758374263543,0.7009288766221495
1713497833.757794,-1.338528757575974,-0.56185418208036,0.1399556280008679,-0.0170022816275404,-0.7093861904677679,-0.0759209958204575,0.7005127818867517
1713497833.858828,-1.3335838180326935,-0.5630228437617183,0.1405209006827752,-0.0161450667808561,-0.7097835595364254,-0.0765923802809529,0.700057313877472
1713497833.9663997,-1.3287150786562654,-0.5637323294748225,0.1413117176676975,-0.0147751824106467,-0.7102411406106367,-0.0775184663065558,0.6995213388813193
1713497834.0729442,-1.3238687104566946,-0.5643078996254368,0.1417520783738383,-0.0135028690832083,-0.7104030599378115,-0.0785007434061,0.6992730498469147
1713497834.174703,-1.3190812877282865,-0.5648730014723481,0.1417376027004798,-0.012158232586811,-0.7108425284068234,-0.0796681483917185,0.6987188728812146
1713497834.2811124,-1.3144728192287427,-0.5654163043362102,0.1413096628317201,-0.0107676771122406,-0.7118702935211864,-0.0813476927753379,0.6975007492553652
1713497834.3940687,-1.312230883628011,-0.5660820778342205,0.1399367143884814,-0.0068287142498524,-0.7157108879316987,-0.0826957921402512,0.6934498536448109
1713497834.502329,-1.310818729309836,-0.5662366648002357,0.1389249380628124,-0.0008469855982123,-0.7192821278974683,-0.0849626328385137,0.6895026135728817
1713497834.6101718,-1.3097633898578689,-0.5653661058896251,0.137989513622176,0.0067420766220288,-0.7234143418888153,-0.088728416142754,0.6846557547565004
1713497834.7171888,-1.307818290571727,-0.563970767751246,0.1379642576131385,0.0157349184891117,-0.7257952388799859,-0.0956508853049137,0.6810466883405805
1713497834.8276236,-1.305070143553518,-0.563041919082566,0.1390479500839685,0.0224620881348758,-0.7275707041874578,-0.1005355392185651,0.6782543257206844
1713497834.9347074,-1.3014302441482792,-0.5634400607835941,0.1410242317980716,0.0220472517860292,-0.7231715575211429,-0.1011617332784283,0.6828639108938414
1713497835.0457008,-1.2941246687489916,-0.5645703798499581,0.142393675063654,0.0161595496273494,-0.7079371711156587,-0.0956090655216775,0.699587547987149
1713497835.1586578,-1.2827141103399542,-0.5657883791749297,0.1420180832898882,0.0070585559797636,-0.6813373850244459,-0.0841172074944261,0.7270858545996274
1713497835.2714722,-1.2672566355933137,-0.5647752362486675,0.1385940689369354,-0.0057657741141592,-0.6399056016413095,-0.0670691956753142,0.7654993793781971
1713497835.382825,-1.2557326465998866,-0.5630492779369973,0.1378143158749336,-0.0113203240375518,-0.6234377681913366,-0.0605604841800849,0.7794418690397404
1713497835.4947352,-1.2542358967207643,-0.5636571893872825,0.1414618939947425,-0.0080462308274641,-0.636575421173208,-0.0638492830010066,0.7685247298479609
1713497835.602569,-1.2510093117829606,-0.5633838837474018,0.1438790002619242,-0.0066048604114848,-0.6431351663129574,-0.0651800812401989,0.7629450115703429
1713497835.7086182,-1.247218484477164,-0.5629037323530452,0.1459059422125871,-0.0058471188525214,-0.6480939496453928,-0.0663264515115127,0.758644083522735
1713497835.8170905,-1.2429964424189672,-0.5629583141405174,0.147498150917489,-0.0055918380874697,-0.6513968486535876,-0.0669397259813508,0.7557578646607127
1713497835.9233706,-1.2383952887596108,-0.5634697329861799,0.1486695315031643,-0.0057216249345494,-0.6534798884743817,-0.0672575840634887,0.7539281900509894
1713497836.0302973,-1.2337522891768449,-0.5638133208487769,0.1494729165513293,-0.00585909682564,-0.6546897228852967,-0.0670653385787687,0.7528939354876466
1713497836.1381705,-1.2289264426811803,-0.5641618853726658,0.1488050059791351,-0.0083114266669738,-0.6577513807298138,-0.0662001811565009,0.750274334726725
1713497836.2399423,-1.2240522546280326,-0.5656434545446224,0.1473886940313156,-0.0117656669946565,-0.6615912689014958,-0.0650197879938103,0.7469477820856821
1713497836.3493512,-1.2192260328721378,-0.5667205726834826,0.1455993272169985,-0.0155885057251687,-0.6656056980930057,-0.063611275421797,0.7434242791263891
1713497836.4566302,-1.2143720960869393,-0.5671771718005845,0.1426567877970354,-0.0200267215890472,-0.6665459465043893,-0.0607781641873387,0.742712223124798
1713497836.5649662,-1.2087379988613205,-0.565210411475856,0.1390601619864697,-0.0249862239154311,-0.6667143859961995,-0.0576043909402778,0.7426636858393969
1713497836.6691833,-1.2023795437165885,-0.5637059095817838,0.1364517954120425,-0.0277994230128016,-0.6637825415503779,-0.0555624150940773,0.7453406923293466
1713497836.772167,-1.196612132026142,-0.5637754327020312,0.1356469252280942,-0.0283802291411974,-0.6622111751080966,-0.0555187065287185,0.7467185516519763
1713497836.8766365,-1.191357802372661,-0.5632205911644862,0.1353780636574766,-0.0281967004415943,-0.6617091872913331,-0.0560720899141716,0.7471290506138197
1713497836.9800043,-1.1858753305393908,-0.562266478437024,0.1352807427375222,-0.0277206433869755,-0.6616517521201635,-0.0569659251500647,0.7471301146509404
1713497837.0857975,-1.1806400899230172,-0.5614902808179482,0.1333830280512637,-0.025016380937707,-0.6618671326986801,-0.0612262405625833,0.74669768099585
1713497837.1956768,-1.1754195130535587,-0.5610906859424395,0.130594068968393,-0.0208939828647406,-0.6620078500389579,-0.0666563708519606,0.7462345316264121
1713497837.3019364,-1.1700041004370014,-0.5603327715348787,0.1280071806027997,-0.0173657950094918,-0.661961482926724,-0.0716406784848466,0.745904174456325
1713497837.407262,-1.1643268688840145,-0.558279577103907,0.1271788387731925,-0.0157642140779363,-0.661838688504606,-0.0728723848076953,0.7459293904153713
1713497837.512382,-1.1586595682026708,-0.557910713282079,0.1268275254424478,-0.0158560126622548,-0.6616096707616059,-0.0740518155258358,0.7460144496150871
1713497837.6154006,-1.153122864628391,-0.5583703155977513,0.1268998422652167,-0.0167599099149347,-0.6613029453502184,-0.0749491328277395,0.7461770214762309
1713497837.719441,-1.147650148562312,-0.5589228995741674,0.1270706119895489,-0.0177390257222711,-0.6609142194308872,-0.0754465540545665,0.7464486177907875
1713497837.821669,-1.1422365373831973,-0.5595939647794734,0.1271643209728429,-0.0186677261831195,-0.6604645388523203,-0.0757998530776814,0.7467881166643896
1713497837.9227772,-1.1368882505307092,-0.5604916861096103,0.1272072779558904,-0.0194290675786589,-0.6601950146631299,-0.0759336740745038,0.7469933942736849
1713497838.022859,-1.1316388376412174,-0.5613414684589001,0.1271521454967804,-0.0199948890714994,-0.6596732256562142,-0.0759616985007401,0.7474364589209084
1713497838.1264534,-1.1263546022997877,-0.5623805854399727,0.127024964672367,-0.0202845443598895,-0.6591908758905857,-0.0758539947871105,0.7478650265105001
1713497838.232508,-1.1210355421967728,-0.5635042292087397,0.1268374845874305,-0.0203466024768766,-0.658689848159057,-0.0757224315485658,0.7483179892667416
1713497838.337474,-1.115581458469202,-0.5650003830989228,0.1266304420543502,-0.0206356089306344,-0.6584663390122808,-0.075982484458311,0.7484804032754422
1713497838.441606,-1.110216075685979,-0.5666641148950975,0.1259590422921158,-0.0209728159451048,-0.6584003045229804,-0.0757111536570298,0.7485566118920473
1713497838.5518365,-1.1067498867411842,-0.5666611889992965,0.1250645660798934,-0.024586510738742,-0.6602617185208155,-0.0755174999198775,0.7468246606476546
1713497838.6563475,-1.104086913393631,-0.5660335198345652,0.1226490066795719,-0.0286623739000428,-0.664640793484308,-0.0751072480602508,0.7428256762173611
1713497838.7604697,-1.1017187470391536,-0.5662452299056068,0.1182258048113845,-0.0303928288422879,-0.6693015790741985,-0.076274841968289,0.7384401266768083
1713497838.862449,-1.0991332362329302,-0.5673354387835672,0.1137728294858076,-0.0311118237129628,-0.6723468427100322,-0.0779470869986117,0.7354631392201351
1713497838.969129,-1.0975961524187658,-0.570302304286877,0.112505746213187,-0.0369400848533301,-0.6696003601419066,-0.0746767908626854,0.7380339861654804
1713497839.0787652,-1.0946304898705312,-0.57355894693036,0.1116128537488296,-0.0422206006040777,-0.6665819793002808,-0.0700898704065747,0.7409273215526206
1713497839.1820197,-1.090195468976798,-0.574885027482375,0.1117432509371733,-0.045915105378603,-0.6669199188345977,-0.0663916175555611,0.7407440705655912
1713497839.2883558,-1.087178911652969,-0.5748068000564239,0.1118518778418995,-0.0522435800726494,-0.6724957479149593,-0.0605574803258418,0.7357668577437269
1713497839.3979585,-1.0848054470193622,-0.5748598832503722,0.114230803433813,-0.0541832896918826,-0.6775445794403077,-0.0566393681445456,0.7312930301632916
1713497839.5045538,-1.0813008585982142,-0.5742415550888958,0.1169224334288374,-0.056346489147757,-0.682959437054554,-0.0538321267710058,0.7262875344009141
1713497839.6129289,-1.0766701172475177,-0.5736975313867173,0.1206708550873445,-0.0559797489772249,-0.6877253397093722,-0.053168250026415,0.7218540448146038
1713497839.7185438,-1.0725412994743992,-0.5743862359067567,0.1238669131548108,-0.0554374362166018,-0.6913969096321836,-0.0515791984309901,0.7184960614408497
1713497839.82769,-1.068760611373617,-0.5756585343845693,0.1262115012154731,-0.0559431266823509,-0.6939663997548065,-0.0499280292616243,0.7160923086323474
1713497839.9332814,-1.0653017588588494,-0.5772205534631042,0.127995311174214,-0.055221767354541,-0.6964062205895335,-0.0487893891809227,0.7138546965859338
1713497840.037259,-1.0611144941161723,-0.5789705660617709,0.1296865278687723,-0.0543557045427096,-0.6976637562588909,-0.0476029454141347,0.7127725444868788
1713497840.1394842,-1.0568029941227826,-0.5805882061605411,0.1310326140688371,-0.0531263282620766,-0.6982717928426643,-0.0466225303693537,0.7123344974291504
1713497840.2410345,-1.052505092680477,-0.5821436904266555,0.1321054201158076,-0.0518860505707634,-0.698560211952869,-0.0459010842884695,0.7121899735981081
1713497840.3488247,-1.0480805364256451,-0.5837082268116396,0.1329282108141335,-0.0505498714695756,-0.6986250776260882,-0.0452622535245939,0.7122633219619183
1713497840.4571288,-1.0434909026471255,-0.5849863103038238,0.1335149980275603,-0.0490772136418665,-0.6985581370201761,-0.0446031936627423,0.712473516293157
1713497840.5598795,-1.0400120261606305,-0.5858346712963577,0.1318437756618333,-0.0466053597177493,-0.6980773160974405,-0.0478189807193082,0.7129020593873606
1713497840.660294,-1.0365786276511553,-0.587739626806166,0.1290141354463219,-0.0431513105664697,-0.6974702159132038,-0.0521814465844148,0.7134075686048915
1713497840.769334,-1.0330660531068718,-0.5909690330202155,0.1258238610815982,-0.0395496894337809,-0.6978069531966368,-0.0563551989770475,0.7129694030492303
1713497840.876228,-1.0298704570353514,-0.593695077289191,0.1236448315207836,-0.0363682060154752,-0.7015972939013407,-0.0584574078660276,0.7092399609773244
1713497840.9783072,-1.026698283299306,-0.5939183241739874,0.1196422784381249,-0.0355121400948076,-0.7073034701019127,-0.0558846721470913,0.7038022396289255
1713497841.0818126,-1.0218894827477374,-0.5942152124482083,0.1167384801732619,-0.0375488193377212,-0.7097081184360067,-0.0510005815989833,0.7016433662972466
1713497841.186443,-1.0167517850731065,-0.5964157489329115,0.1159583062736151,-0.0383411368373016,-0.710764169542894,-0.0475126272569002,0.7007758577256858
1713497841.2856884,-1.0112868331668028,-0.5992119939814609,0.1159722800054033,-0.0383908776160841,-0.7111990242726939,-0.0447540181940195,0.7005135018291401
1713497841.389503,-1.0060498394892083,-0.6017672878361503,0.1167717427623331,-0.0375207562531051,-0.7111001758074725,-0.0430774280572209,0.7007660579742371
1713497841.493261,-1.0009000661209455,-0.6035657767907106,0.1175162263908672,-0.0367821264732895,-0.7108187879069847,-0.0417137944668445,0.7011730779784162
1713497841.5966458,-0.9958546709136704,-0.6050121048785375,0.1181482227209969,-0.0359336111105803,-0.7104891864552596,-0.040162264296238,0.7016415637982802
1713497841.698827,-0.9907126372229078,-0.6064025221058633,0.1187388188506915,-0.0351890844446141,-0.710045728353695,-0.0388830267534757,0.7022000442987094
1713497841.799944,-0.985552309085992,-0.6076968609266638,0.1192010347941244,-0.0345361368939921,-0.7095239383826526,-0.0377307284583524,0.7028224727770246
1713497841.9038303,-0.9804441412696492,-0.6089835200564745,0.1194167906205563,-0.0341497362451213,-0.7088318316990666,-0.0367727866052391,0.7035900738710152
1713497842.0107768,-0.975294038370631,-0.6102647946758941,0.1195636636456924,-0.0337795085235901,-0.7081940087372791,-0.0359093143760024,0.7042944781365058
1713497842.1150806,-0.970212011556299,-0.6115550528924086,0.1195219287173245,-0.0334820364988018,-0.7075487672266891,-0.0351396776909973,0.7049956725254831
1713497842.2174437,-0.9649373238893366,-0.612669760119531,0.1194494432713158,-0.0335595673125833,-0.7067391180066669,-0.0346398365504998,0.705828347578011
1713497842.3194957,-0.9596204022732951,-0.6138258143441031,0.1192818492687102,-0.0340072570151715,-0.7059585502164022,-0.0342758288488963,0.7066054057275396
1713497842.422655,-0.9543783209810094,-0.6145679273645629,0.1191971061215919,-0.0342944515787776,-0.7052145355693326,-0.0341428828578768,0.7073405212221302
1713497842.5283952,-0.9492672006557524,-0.6150595210560157,0.119253245277291,-0.0339302506143129,-0.7044970164138546,-0.0338242763662942,0.7080879961456229
1713497842.6292882,-0.9442557480418884,-0.6154144252245813,0.1190061182008886,-0.0335236498483201,-0.7035823463189103,-0.0336833817309598,0.7090229027643541
1713497842.733832,-0.9392850711439152,-0.6160702033161187,0.1186136418090618,-0.0329081179333498,-0.7026749641257083,-0.0341065435322343,0.709930767225441
1713497842.8372774,-0.9359963778264134,-0.6175902626622246,0.1177401819209691,-0.0301421221049275,-0.7034098489329081,-0.0338971608537798,0.7093356182973247
1713497842.942911,-0.9338137834914372,-0.6183851321920161,0.1149578504783191,-0.0275544689312683,-0.7068809498683267,-0.0332341871361007,0.7060138545103565
1713497843.047088,-0.9319394501996628,-0.6173025959442017,0.1140775625853355,-0.0208653469251137,-0.7068826719248331,-0.0359902395514904,0.7061063858138728
1713497843.1517508,-0.929854675849715,-0.6143896836508695,0.112902528722434,-0.0135371881427653,-0.7040560969636883,-0.0394051976804659,0.7089210021301445
1713497843.2577968,-0.9255975956068224,-0.6127835948091158,0.1142933163203838,-0.0151906766013209,-0.6959867065887773,-0.0379858254517137,0.7168882930142277
1713497843.3680844,-0.9174171444343668,-0.6123816417998879,0.114146533614441,-0.0231558632640244,-0.6763285112936368,-0.0316003645991847,0.7355575896998341
1713497843.475843,-0.908820549134262,-0.6122736309941723,0.1152114649682873,-0.0282006789213628,-0.6633198123492471,-0.026023258835803,0.7473515493078868
1713497843.5807817,-0.9063367862332282,-0.6125659902183203,0.1189965728066305,-0.0261285645295216,-0.6712478218544603,-0.026376678969794,0.7403025939288569
1713497843.6841686,-0.903631136947043,-0.6126129213617836,0.1219944729793442,-0.0243231399741183,-0.6775266090427607,-0.0270014422962141,0.7345998917878641
1713497843.790039,-0.9007138129425009,-0.6125820037209121,0.1248036532384625,-0.022587840790666,-0.6830145100365329,-0.0278637184471738,0.7295235306158857
1713497843.8889935,-0.8972165578842283,-0.6125022774643368,0.1269717721617701,-0.0216364505731892,-0.686536028681728,-0.0286688198459262,0.7262081272590918
1713497843.994733,-0.893429464289463,-0.6126712640730234,0.1289195952372241,-0.0210341909653372,-0.689293791584981,-0.0294014862054664,0.7235794250127241
1713497844.0992415,-0.8892915338109882,-0.612819749863409,0.130573929435267,-0.0207283361359346,-0.6912262704248539,-0.0299131488205446,0.7217214024006927
1713497844.1969843,-0.8848375174261042,-0.6130274816144335,0.1319290505310469,-0.0207945998530125,-0.692458047914489,-0.030357318927335,0.7205191667700122
1713497844.2965577,-0.880301362412041,-0.6131996113192089,0.1329942645898907,-0.0209078127521752,-0.6931853132336535,-0.0305095111679914,0.7198098044701614
1713497844.3987725,-0.875377497038751,-0.6144457335461926,0.1326494318764238,-0.023227279750409,-0.6955516827780666,-0.0301314017206092,0.7174680820011072
1713497844.5007992,-0.8710206717603777,-0.6159175096993185,0.1316636314231849,-0.0268843803703582,-0.6988314790874041,-0.0299840760311061,0.7141517689631343
1713497844.601779,-0.8660330420273092,-0.6163197260574517,0.1303288128372519,-0.0305001457618148,-0.7024369068774523,-0.0292860741631865,0.7104888871932156
1713497844.7049584,-0.8604772322390287,-0.6160200948186757,0.1278081315282359,-0.0351014031347986,-0.7032404799635263,-0.0272136002630582,0.709563343754002
1713497844.810176,-0.8545427441196122,-0.6137194708824522,0.1246187134743347,-0.0400527947767595,-0.7033174343788154,-0.0245397437601858,0.709322325255279
1713497844.9130433,-0.8488519594925988,-0.6113517618975456,0.1209920007209763,-0.04470264305301,-0.7034289186306237,-0.0217950982098953,0.7090235566130704
1713497845.0124593,-0.8432768933740157,-0.6113242221541936,0.1199436124305253,-0.0467176065571191,-0.7037873938440861,-0.0211938358296508,0.7085559899023856
1713497845.1145012,-0.8386411234431375,-0.6115050437404006,0.1181058110677066,-0.0456322081769039,-0.7044365105681155,-0.0249841878189717,0.7078578208330705
1713497845.219996,-0.8333492356688641,-0.6113816209624999,0.1156964331824442,-0.0424520529825307,-0.7051522617103627,-0.0303733309240786,0.7071319337796201
1713497845.328473,-0.8279654732208749,-0.6108780986448678,0.1134659815770896,-0.038881701495156,-0.7057838721759548,-0.0356848816672616,0.7064587236955537
1713497845.4331565,-0.8223116185464552,-0.6091306195570266,0.112967823826405,-0.0368867497500158,-0.7061113459920962,-0.037707338458623,0.70613333824461
1713497845.5342453,-0.8165254652855789,-0.6087210372393073,0.1131383011578972,-0.0368430583995739,-0.7063420704236069,-0.0392685987453187,0.7058196977628474
1713497845.6448195,-0.8107437582863979,-0.6089828925382135,0.1136362215083494,-0.0370859429787453,-0.706143253364353,-0.0402970760064463,0.7059479330848099
1713497845.754112,-0.8051390173323535,-0.6095062780773262,0.1141978842800492,-0.0379409392467237,-0.7058840320904485,-0.0413311240916874,0.7061019448706574
1713497845.867565,-0.7996038257946574,-0.6101138659196016,0.1147968803607198,-0.0388071643233434,-0.7054943238697647,-0.0419954051451641,0.7064050884099139
1713497845.9700632,-0.794078218378571,-0.6107557668238838,0.1153123101101316,-0.0396679842830774,-0.7050545131541305,-0.0424365510410722,0.7067699227044457
1713497846.082797,-0.7884983429636514,-0.6114657927204131,0.1157661673566339,-0.0402682629051798,-0.7046133844694583,-0.042633085203313,0.7071639594006061
1713497846.1968458,-0.7828143163461246,-0.6121561776450608,0.1161387539052185,-0.0405901820554,-0.7042197453139094,-0.0431724566635189,0.7075048596415143
1713497846.3179283,-0.7773206748137098,-0.612696626683406,0.1164316318213874,-0.0409655116535309,-0.704144827856461,-0.0434165793652752,0.707542853044378
1713497846.4436936,-0.7714573252104777,-0.6135012716143392,0.1168040677577798,-0.0406872343969354,-0.7038903866683228,-0.0434897357643455,0.7078075412117303
1713497846.5590556,-0.7655977559360677,-0.614306088552634,0.1169986832902254,-0.0403763809031331,-0.7036955379003005,-0.0434845252159429,0.7080193739376881
1713497846.6623454,-0.7597699259139875,-0.6152277509282316,0.1173605355532806,-0.0405271621244484,-0.7033349617485821,-0.0431247455448801,0.708390949288561
1713497846.7963512,-0.754019562461436,-0.6163876025239031,0.1175806642355816,-0.0406852309990137,-0.7026156800190556,-0.0426785239162341,0.70912231791578
1713497846.910348,-0.7509755188705601,-0.6180029955469295,0.1174642895686884,-0.0451021863654251,-0.7019799746554566,-0.0410219126341838,0.7095823494504472
1713497847.0164735,-0.7500276181781312,-0.6219268279432406,0.1155459926381163,-0.0520151206999973,-0.6992364678528417,-0.0377486600526386,0.7119956656521703
1713497847.1297033,-0.7472818928664303,-0.6252712739285499,0.1146289502540953,-0.0572739053354432,-0.6960209411283872,-0.0337583785181567,0.7149370050278596
1713497847.2461915,-0.7426103740541126,-0.6273752386515357,0.1142940921713348,-0.0590314036177024,-0.6911835519184191,-0.0330880300254947,0.7195038382200571
1713497847.3560283,-0.7366670505810258,-0.629523627088076,0.114095916126424,-0.0571948082733749,-0.6831745673239931,-0.0352823805555145,0.727156391769049
1713497847.468633,-0.7295846266373208,-0.6324323417258882,0.1139684299351237,-0.0515753616888547,-0.6713928491825936,-0.0405163085094366,0.7381937773226698
1713497847.582087,-0.7215741140632648,-0.6354859255491419,0.1146134198115957,-0.0441887067056773,-0.6598097815957807,-0.0479507159618784,0.7485981159133056
1713497847.6896544,-0.7180958304873332,-0.6344171297275303,0.1181402823232547,-0.0460028292330131,-0.6672659423884009,-0.043981492740993,0.742095364577459
1713497847.7967138,-0.7157536184723173,-0.63327958734774,0.1209986181991854,-0.0479962282905927,-0.6738579899333199,-0.0400262948393066,0.736213058288387
1713497847.9135857,-0.7118889547710494,-0.6316657065386587,0.1237771016699359,-0.0493640559036381,-0.6796508225697543,-0.0385347276011393,0.7308577318012754
1713497848.0194378,-0.7077054168172355,-0.631246869151288,0.1269486876406336,-0.0493442352094064,-0.6836405926232164,-0.0375409696500825,0.7271804192682225
1713497848.1284242,-0.7039653848319036,-0.6324529232508749,0.1294871262814028,-0.0492185762998569,-0.6863982600591059,-0.0364131751302239,0.7246440788495985
1713497848.2342253,-0.7000608369911689,-0.6340306466953147,0.1314093363678993,-0.0483604332665959,-0.6882390146647345,-0.0353954311191579,0.7230044886744976
1713497848.3373356,-0.6958608482918568,-0.6348881735760988,0.1330161422758211,-0.0470322786887836,-0.6893204905542586,-0.0343362143187212,0.7221123530653909
1713497848.444446,-0.6915300642605904,-0.635348721100501,0.1333172146033152,-0.04374131800324,-0.6921234462944305,-0.0333846261704699,0.7196786080774654
1713497848.5449457,-0.6873478314820601,-0.6359125193792805,0.1328274037704378,-0.0403198647567312,-0.6955598377513866,-0.0328285093880457,0.7165843352911246
1713497848.6460984,-0.6836564517251342,-0.6368854562053584,0.1321234951285259,-0.0366159239195579,-0.6992080709863109,-0.0330553648869163,0.7132143369530034
1713497848.747589,-0.6801251028273376,-0.6370023803754762,0.1309592160635909,-0.0330738485992502,-0.7030890774705437,-0.0331843845476125,0.709556668845167
1713497848.8478389,-0.6765234228431747,-0.6386515516045148,0.1288478932742321,-0.0288738139498858,-0.7043178984235222,-0.0360902287281673,0.7083784978516846
1713497848.950276,-0.6732119646256569,-0.6415214279923913,0.1260862966163032,-0.0250781294029831,-0.7048248675112908,-0.0403880061596891,0.7077865515265063
1713497849.050893,-0.6697545228240246,-0.6452042682085838,0.1229128128912927,-0.0209662127415299,-0.7055874499857584,-0.0446215232622047,0.706905713661753
1713497849.1519296,-0.665332977133885,-0.6469822724757289,0.1219057603756815,-0.0187487873002894,-0.7063157026183026,-0.0452909139955029,0.7061978082088858
1713497849.251492,-0.6606936733738499,-0.6497234011315259,0.1218551639130484,-0.017638004998436,-0.7070487140543247,-0.04447278032274,0.7055446042201488
1713497849.351908,-0.6558162894856885,-0.6513121621251506,0.1203814793339718,-0.0190499089113408,-0.7076103913452338,-0.0398755268778973,0.7052195242525016
1713497849.4494786,-0.6506314207415875,-0.653365255917799,0.1182973591910586,-0.0219421025345537,-0.7080796058450057,-0.0345852402085725,0.7049437403668892
1713497849.5517774,-0.6452604770217071,-0.6552734600057137,0.1159030661426348,-0.025206045139652,-0.7080111354865976,-0.0287298583997291,0.7051662800728125
1713497849.651109,-0.6407686304746177,-0.6566769412799867,0.1135935964308396,-0.0277003693345131,-0.7079759758531289,-0.0224399647894662,0.7053362000732623
1713497849.7514417,-0.6354031529596623,-0.6601920907115515,0.1130648795463929,-0.028821614722646,-0.7074156093230595,-0.0197253846806791,0.7059344016337943
1713497849.8498335,-0.6300225758128962,-0.6624644187695695,0.113417649314098,-0.0286779397056458,-0.7070994240022191,-0.0183792545170039,0.7062932700750932
1713497849.9495432,-0.6247542061201442,-0.6636784122111864,0.1140372495376848,-0.0278530393021916,-0.7067961742698032,-0.0175146401446129,0.7066516918679283
1713497850.05346,-0.6195418923824401,-0.6648018298506251,0.1146963231771702,-0.0268841366203629,-0.7063968401224443,-0.017075676231363,0.7070991222908182
1713497850.1564865,-0.6143340720498421,-0.6657222983214077,0.1153033070193465,-0.0260504717501172,-0.7060285564235516,-0.0170308397531477,0.7074991172668522
1713497850.255833,-0.6090825178488958,-0.6667737949447499,0.1156535994015984,-0.0254476107353693,-0.7054599395921293,-0.0169680465585948,0.7080895269205131
1713497850.3579776,-0.6038111133728409,-0.6678979950965741,0.1159628428093673,-0.0249047775017526,-0.7050113958467635,-0.0170001794318295,0.7085546398712467
1713497850.4617505,-0.5985592439677302,-0.6690202380797255,0.1161136819521428,-0.0248153909198986,-0.704478452888877,-0.0170337074425215,0.7090868484181255
1713497850.5621488,-0.5933573709387752,-0.6698203916529661,0.1166632429969057,-0.0245744907761981,-0.7046252437675582,-0.0168355814901053,0.7089541053160562
1713497850.691547,-0.5881745572143481,-0.6702636856933639,0.1170424296744463,-0.0240722507929453,-0.7042409633065503,-0.0170297480266613,0.7093484193433944
1713497850.8116438,-0.5848154935963522,-0.6695780743701909,0.1174190345302694,-0.0196411631379086,-0.7029849562414046,-0.0191369738196522,0.7106758418870637
1713497850.9182467,-0.5830807685989621,-0.6665114361281309,0.1160654345618878,-0.0131502288779906,-0.6994418389777028,-0.0216713976370929,0.7142398307938315
1713497851.0261304,-0.5797109119847766,-0.6646612862876039,0.115340353038725,-0.008380280789573,-0.697092852558543,-0.0246567439159119,0.7165077604500504
