timestamp,px,py,pz,ox,oy,oz,ow
1713498515.6718147,-3.0009860703662676,-0.006378408328041179,0.1313400222158164,-0.0038823964323885067,-0.7053343320018363,-0.00282666966042202,0.7088585310455789
1713498515.787048,-3.0009856050389963,-0.006378354307411641,0.13132483352459393,-0.003882381125711746,-0.7053306270483278,-0.0028266492204164634,0.7088622177254139
1713498515.9096315,-3.004573376174261,-0.007426658457540019,0.1311409426551577,-0.029149120792920813,-0.7047904347496948,-0.027440396014864598,0.7082851096196245
1713498516.0357943,-3.0165954390779954,-0.007965673849504197,0.12919577881566172,-0.03448850520706672,-0.7036585490546979,-0.029381585173779146,0.7090923154311402
1713498516.1573935,-3.026290213436268,-0.0052607461757154025,0.12871088796640046,-0.02222100009895531,-0.7051698919481902,-0.01454961098675184,0.708540725339422
1713498516.2781854,-3.024731582191378,-0.005860695067252787,0.12883943019882546,-0.016871739017463496,-0.7057372089517446,-0.008923669070100013,0.7082165660684983
1713498516.4001026,-3.01726213275047,-0.009674481113079171,0.12717503139318453,-0.01700650990329434,-0.7071552824615516,-0.0066548276960965,0.7068223952139376
1713498516.5260506,-3.008250517998867,-0.011345463902397308,0.12541203456930544,-0.012412718927932859,-0.71288563250198,-0.008778301804733641,0.7011154974741989
1713498516.6516864,-2.998941105029444,-0.014940215002604895,0.12443813463139655,-0.015478311508494411,-0.7096652613837349,-0.002308546907573784,0.7043651817553003
1713498516.78104,-2.986227831447554,-0.01676495814521897,0.12366528995287969,-0.010827043388211203,-0.7119788066690912,0.0001811473762719942,0.7021174553955732
1713498516.9046593,-2.970976054288427,-0.016540188491680066,0.1239879047136273,-0.01641764287236948,-0.7080250037855582,-0.00036566407297338843,0.7059964031825952
1713498517.0318062,-2.9582574190594713,-0.01283395236339624,0.12716751091073536,-0.014979885614557344,-0.7050231946528677,-0.00313013706441594,0.709019111357654
1713498517.1603994,-2.9478209468806766,-0.007690872034990585,0.1296736899187378,-0.013363605744965486,-0.7041008808140361,-0.006613268625678771,0.7099433979948516
1713498517.2920723,-2.936422306681332,-0.0036647124057353985,0.1300799157439532,-0.010111501592600889,-0.7038075057351595,-0.004435734272801161,0.7103049180935308
1713498517.4144776,-2.9253703952384242,0.0007996617688881766,0.13094251778392615,-0.010282851363839482,-0.7024820771745993,-0.005593248645309488,0.7116051642490248
1713498517.5356984,-2.9174211326826396,0.0033862997478069324,0.13053431792823714,-0.011737363563739243,-0.7005809976891771,-0.004633408149089806,0.7134613034372179
1713498517.6629853,-2.910370927662488,0.005560778370556984,0.12963226733983507,-0.012089984297275131,-0.7016016851053946,-0.0045576486965887624,0.712452198800257
1713498517.7829843,-2.910676060982545,0.005269678765014524,0.13308767121948023,-0.005421314226676294,-0.7045152926133701,-0.004892185856743445,0.7096512371182737
1713498517.9028814,-2.911919173705963,0.004801972518389637,0.1331860875449209,-0.003903558263677835,-0.7072841192935448,-0.005463813190843679,0.7068975057060622
1713498518.0245159,-2.909702224983906,0.005349833393753228,0.13399124901423867,-0.004324726120822158,-0.706476440005145,-0.005112482252971656,0.7077048812795133
1713498518.1479003,-2.906063454719721,0.006383875485192064,0.13368434474366497,-0.004962214630782291,-0.7075829223920802,-0.005188781403812123,0.7065938443777904
1713498518.2723403,-2.8969190479375073,0.009843619128971146,0.1332433936002245,-0.0061793248033289346,-0.7071329099953987,-0.007088947825011016,0.7070181117659919
1713498518.396413,-2.886285310869758,0.013154041567467502,0.13127959504725326,-0.0060108914476541065,-0.7097168013015533,-0.008118200502875298,0.7044146690372733
1713498518.5195787,-2.8771177519119564,0.016373038925927227,0.12873925021226776,-0.006797716399691092,-0.7126227973333037,-0.010560877007575095,0.7014349632356786
1713498518.6441429,-2.867910266704313,0.019865113271923668,0.12555503218947348,-0.007434332654781517,-0.7160117074493357,-0.01364977202070476,0.6979152163531382
1713498518.7650602,-2.8570376949564014,0.022862910808891367,0.12626547089548712,-0.010773542668863477,-0.7126715833601431,-0.021654280204892,0.7010807636771367
1713498518.8937674,-2.8421531306258165,0.0227895365454308,0.12666521761242613,-0.0050657748727928964,-0.7078339084643882,-0.022821444739245928,0.7059919812667704
1713498519.0197873,-2.8289027114666094,0.01894093884569648,0.1286717900106163,-0.005736021782349257,-0.7059467603462514,-0.020787330096816704,0.707936548370114
1713498519.143989,-2.818427691962244,0.012553952527268058,0.13089909183787027,-0.006667145237286478,-0.705280696480196,-0.01671539219933344,0.7086997135673311
1713498519.2686367,-2.8071873255542528,0.007235249742342529,0.13175716095913992,-0.009514678176582407,-0.7057600635552724,-0.016160154699139,0.7082026920237976
1713498519.3918335,-2.7961890778500096,0.002037741562136142,0.1321293379799714,-0.008354477182758257,-0.7036841493499059,-0.016402411527296174,0.7102744410161409
1713498519.5118494,-2.7893544591892874,-0.0009923992206017176,0.1314002641203445,-0.008078945033275926,-0.7050155075349109,-0.015995348894270053,0.7089654530343436
1713498519.6304045,-2.7839213330903934,-0.0031473737948609147,0.1307601141039051,-0.00676343686310191,-0.7038564994244645,-0.01721798517390896,0.7101012780767888
1713498519.7461982,-2.780982705710797,-0.00524772138016059,0.13102768679371019,-0.0077214450305641835,-0.7047356791743278,-0.016052925481161884,0.709246293870356
1713498519.8641827,-2.7808879629197727,-0.004111909110479688,0.13143845607830215,-0.012779019271032558,-0.7056450266817116,-0.011722416341540162,0.7083532861086711
1713498519.9842126,-2.779408540386334,-0.00507304567177535,0.1339971105922472,-0.01224617416565945,-0.7055425573280725,-0.011626354433662703,0.7084663428137223
1713498520.1059823,-2.7756084006362984,-0.006736778657241874,0.13448980003079797,-0.011696587451348894,-0.7051052586211871,-0.01160098498648655,0.7089112647250609
1713498520.223275,-2.7706314187301344,-0.00881783746177544,0.13393984287215557,-0.011332877480086701,-0.7067121570555582,-0.011170212263851287,0.7073222174623683
1713498520.3459616,-2.7640773797905407,-0.011044278252776317,0.13415574134240793,-0.010965198095918461,-0.706606578525008,-0.010735146658982835,0.7074402195536449
1713498520.4766312,-2.7541257963540073,-0.014400896266935134,0.1321308761765256,-0.009344190230265914,-0.7091241312183657,-0.008230103110329838,0.7049737002438689
1713498520.6047254,-2.7421575542207335,-0.020297439338784664,0.12968166028805866,-0.013659455111805791,-0.7079771933569458,-0.003085420237286534,0.706096447487473
1713498520.7327776,-2.7317234892495925,-0.02293110706370714,0.1287798159446897,-0.011966531976920323,-0.7107458596123786,-0.004307442517460524,0.7033338973028851
1713498520.8550885,-2.722584477774483,-0.023595522228320634,0.12881639562285885,-0.014825231452798775,-0.7071003268638417,-0.0010759814398188764,0.7069569877477415
1713498520.9754486,-2.7108266925100843,-0.021108451691405006,0.1306561352613306,-0.007753533901769463,-0.7081714085329776,-0.0009901336066199954,0.7059972793742862
1713498521.0991883,-2.6972434331422876,-0.01407334329103702,0.13288398040523386,-0.008080653710094109,-0.7073102328075374,-0.006071110848246651,0.70683101178035
1713498521.2195737,-2.6863103290161194,-0.009708732283559682,0.134215300777794,-0.00886860192199433,-0.7047607382330912,-0.0069821640472493935,0.70935527003774
1713498521.342841,-2.6774862703955367,-0.006170900675810658,0.1343089020976813,-0.008630326451238169,-0.7049360156927611,-0.007413208648647274,0.709179649723603
1713498521.4712656,-2.668069019518627,-0.0030570220494325812,0.13420255663303496,-0.006620596930444244,-0.7046160676173677,-0.00517019921731326,0.7095390292237456
1713498521.595533,-2.6603041670632543,-0.0005974443878608042,0.13364726581664874,-0.008233590979673005,-0.7033207596791133,-0.004435449240327394,0.7108111168053093
1713498521.7115467,-2.656366474266663,0.0009008695812265626,0.13338232866851146,-0.008361879881296282,-0.7034805604910843,-0.00465537740514238,0.7106500597602287
1713498521.8268588,-2.655013609653844,0.0010773401144054955,0.13312955123836137,-0.007851626622167342,-0.705151893801369,-0.00458028515073633,0.7089980110096693
1713498521.9402883,-2.6557543203620346,0.000792267146839499,0.13351276690481184,-0.00578591788492535,-0.7062495623564524,-0.006936158670211242,0.707905338677743
1713498522.057332,-2.651020925241091,0.002302906690205803,0.13427059618471693,-0.006212720699992286,-0.7066928242969347,-0.007155568245706613,0.7074570319332524
1713498522.1750574,-2.644970772468004,0.003947512347898095,0.1335913591300186,-0.007569288752530102,-0.7077419916324856,-0.007284198904745992,0.7063928932217393
1713498522.2987456,-2.637922625125308,0.005515647910865536,0.13255481761840945,-0.009225740779893623,-0.7101907852522266,-0.0068375262831914235,0.7039156075015065
1713498522.4177732,-2.629793981973816,0.008064635115915233,0.13081301029565764,-0.010586341286506084,-0.7121432199401286,-0.008388855230302193,0.7019042604083524
1713498522.537314,-2.620945271731643,0.0093854381810687,0.13102071274898525,-0.011110572314215287,-0.7112971142312312,-0.010471405096167698,0.7027256364645348
1713498522.655944,-2.6101292391080695,0.009144973052706928,0.1311567846749566,-0.011951713519972988,-0.7102378881614707,-0.01348243165108917,0.7037311438331009
1713498522.7829225,-2.597768877556269,0.006923969963797954,0.1311936771490663,-0.011967833573147657,-0.7134807647387221,-0.007509876114061899,0.7005323483381515
1713498522.9135022,-2.587479460029038,0.004897649213593845,0.13305466175760453,-0.00820518372146416,-0.708265228426938,-0.00797476003720876,0.7058536989800248
1713498523.0386648,-2.5769131420284954,0.0017707670155247008,0.13395797112973595,-0.007334167397660608,-0.7061664590165287,-0.007920280294466925,0.7079635663709661
1713498523.16442,-2.5658815846266387,-0.0036719394159059203,0.13421745094757925,-0.010841149985969568,-0.7059716953342587,-0.011124158864496013,0.7080696914452785
1713498523.2880943,-2.5539357550809756,-0.00927559301196585,0.13442964848899322,-0.009054482289399804,-0.7046084903202903,-0.010484557548648476,0.7094610389387437
1713498523.411294,-2.545925376772784,-0.0130999669213149,0.13421476040219496,-0.009085063457173737,-0.7055175007721779,-0.009727969685239589,0.7085674874928726
1713498523.5322158,-2.5396256715122,-0.015969575051047902,0.13394406567927047,-0.00907970264412288,-0.7064610870636595,-0.009166129322575545,0.7076342795102345
1713498523.6523435,-2.5341294646428887,-0.01805790282244037,0.13340501871279617,-0.007427074472314009,-0.7045205407268788,-0.01069544046062811,0.7095641294569803
1713498523.7726235,-2.5301443469407805,-0.01969148949039374,0.13261834346887452,-0.006755665131694787,-0.7052046046472276,-0.010885567957916021,0.7088880948240065
1713498523.8906727,-2.5296429017348188,-0.019278164483813226,0.13271109041954954,-0.009486143054433342,-0.7055928032067883,-0.008425908712284427,0.708503926040717
1713498524.0111787,-2.528029839995594,-0.020209430370269104,0.13394301744463405,-0.008991994061449026,-0.705648477640406,-0.008464012698386758,0.7084544660989993
1713498524.130143,-2.5244075844105005,-0.02149871614668071,0.13422342608261154,-0.008817655973167075,-0.7058690989593782,-0.008210771018646807,0.7082398233061269
1713498524.2442052,-2.519085229358859,-0.023601614377663817,0.13359286468723536,-0.008269040202064279,-0.7073639889841737,-0.007928450984704,0.7067566410919092
1713498524.374364,-2.5100438729572816,-0.029845001195295474,0.13166015728114783,-0.008410417056333235,-0.7066740693990936,-0.002022821287913124,0.7074863480788169
1713498524.4970543,-2.497649144431717,-0.03700943408646699,0.12851000014678202,-0.012716846322182816,-0.7075720869750626,0.0020795777966817345,0.706523671867801
1713498524.623165,-2.487788509834535,-0.04053931785526713,0.12761243332154876,-0.014340972261701158,-0.7069347129876382,0.0037965179757308946,0.7071232102957268
1713498524.7494903,-2.4783908440520164,-0.041929108612333725,0.1264927660808272,-0.014775818582951121,-0.7076065653185685,0.004786498040962369,0.7064359230247045
1713498524.873759,-2.467220016450923,-0.041713810067161496,0.12679750666089698,-0.005908596270326409,-0.7130235467393495,0.00308596902186281,0.7011083989516521
1713498524.9989681,-2.4542707372553845,-0.03764766063448899,0.1271521928347329,-0.0038462671449189232,-0.7200795398713536,-0.006254150431949581,0.6938526847177895
1713498525.1228342,-2.4440041739174796,-0.03406096524416314,0.13056497156389218,-0.008890170110358059,-0.7103745473837467,-0.0057098959868633736,0.7037445306306581
1713498525.2555416,-2.43266980334866,-0.0288666727143585,0.1333137097667646,-0.009594023159270899,-0.7057585477234554,-0.007313313184701389,0.7083497317604921
1713498525.3828015,-2.421501683511794,-0.025242049656717436,0.13327047530868028,-0.008257813896899628,-0.7043800116709781,-0.004624133501739621,0.709759977074923
1713498525.508701,-2.4121219713884745,-0.021676295269085356,0.13350081135898945,-0.009104373366383266,-0.703069719578115,-0.004783342536859385,0.7110465522257537
1713498525.6292007,-2.4062807889686533,-0.01998667170008979,0.13263581134476107,-0.009816723723995354,-0.7036668390455261,-0.004512562305461632,0.7104479209234438
1713498525.7533088,-2.402342547827867,-0.01882224855296735,0.1321019872773967,-0.01083675802500695,-0.702999479354426,-0.0038718955832112603,0.7110972543383263
1713498525.8707426,-2.4018459487255956,-0.01919745087849412,0.13097339242128878,-0.0070524979863752345,-0.705997143893301,-0.007055856197113434,0.708144413223729
1713498525.989412,-2.4003944417558345,-0.01870145081519701,0.13368503699868828,-0.006639886732870982,-0.7062412850636204,-0.006983045884789812,0.7079056407785094
1713498526.1412108,-2.396764665336231,-0.017502916550794372,0.13438561829747114,-0.0067741963973991185,-0.7064430326706008,-0.0071655095715908055,0.7077012133145694
1713498526.2649846,-2.388200413950401,-0.014103356848976794,0.1326405174189317,-0.007516315587551587,-0.708578670498346,-0.00933777144000926,0.7055299984687534
1713498526.3938591,-2.3766174985746287,-0.01242473964240669,0.13064072725718293,-0.011278577269416815,-0.7127377951183173,-0.00657744110430579,0.7013090377096083
1713498526.5145283,-2.3667880043289453,-0.010661297153457806,0.12836572935228066,-0.01502449646621612,-0.7182949355665438,-0.0060124532941428915,0.6955505017256312
1713498526.638185,-2.3576603173186474,-0.010393703547431275,0.1289886679972398,-0.016518589191717076,-0.7181398010352966,-0.006758101489391488,0.6956699579860836
1713498526.7608066,-2.3453503418628836,-0.010549911130366255,0.13042821729133894,-0.017914533848620347,-0.7157339950811046,-0.010404953524039818,0.6980656521448327
1713498526.8840976,-2.3302188495106764,-0.013774357713002216,0.13246057323159724,-0.012500486843455146,-0.7104053364794983,-0.009507607747018568,0.7036175105304416
1713498527.0166519,-2.3176489033283216,-0.017598632035201817,0.13374900414429355,-0.010703827773220024,-0.7067195031781902,-0.010298559318142029,0.707337904805436
1713498527.147077,-2.3076608457114127,-0.021663765775532026,0.1340025930220944,-0.010587882497302862,-0.7058188245384526,-0.010683295168084273,0.7082326954297804
1713498527.2673388,-2.2972223219794743,-0.026728332917428217,0.13402395682660154,-0.013677712825472782,-0.705594747685446,-0.014082102503391338,0.7083436077213231
1713498527.3951795,-2.2867811516463936,-0.031923703555109414,0.13421901970404837,-0.012201331958317685,-0.7039782152369268,-0.014068446876383991,0.70997737905708
1713498527.5207763,-2.2802558032697626,-0.03503898526507538,0.13389415682040556,-0.012440178375555418,-0.7054477409319954,-0.013187641044544167,0.708530036695417
1713498527.6415772,-2.274800574123802,-0.037295428984531656,0.13325349151552848,-0.010911822397312214,-0.7040643873637952,-0.014498495628567464,0.709904264110677
1713498527.761016,-2.270938640820042,-0.03873733977296802,0.13241658768681672,-0.010364674575956398,-0.705174514449532,-0.014513217587217152,0.7088094555006074
1713498527.878972,-2.270703912496784,-0.03839316081479545,0.1327247690404666,-0.013583555919807326,-0.7063431038085096,-0.011713168099260533,0.7076423591079135
1713498527.9996545,-2.268912508637909,-0.039215979459735546,0.13381750300436046,-0.01302963763734747,-0.7063162327192195,-0.011853549702540855,0.7076772578653479
1713498528.1224377,-2.2652886108340926,-0.04072359218093366,0.13405365695439708,-0.01289323106957934,-0.7064078423721225,-0.011798991568425043,0.7075892230847763
1713498528.2441278,-2.2602796278113497,-0.043063963944537084,0.13333317196186323,-0.012727365074107225,-0.7071946304534314,-0.011142497237076637,0.706816534605287
1713498528.400252,-2.2502949875990677,-0.04812654176402378,0.1308946195900295,-0.011055915130899494,-0.7097508384890652,-0.008340972936949548,0.7043166490827493
1713498528.5471652,-2.237964750876269,-0.05387504859390893,0.12803615116205816,-0.012870209208895648,-0.7127390901226929,-0.007392885803562134,0.7012721956312619
1713498528.6889098,-2.226314602260336,-0.059034426032733435,0.1278200676109837,-0.010985642590992665,-0.7116179040230544,-0.0022507714526760546,0.7024771941910753
1713498528.8136754,-2.212509823675157,-0.061989094630563464,0.12706128153551613,-0.01603288456040794,-0.7083837885127954,2.2456428069537082e-05,0.7056453459639911
1713498528.94606,-2.200100650146421,-0.061700452843057745,0.12815787105303483,-0.015833250964493457,-0.706091988852481,0.0002562569611788801,0.7079430385098883
1713498529.07091,-2.1869920850204867,-0.0575510010308143,0.1293581923567701,-0.012119806866566217,-0.7053151884413665,0.0015947718717144246,0.7087884394783215
1713498529.2460318,-2.1724816752162304,-0.052187557114356076,0.13103670496943842,-0.012945388411636805,-0.7038293367102226,-0.0021043452390130577,0.7102480224794963
1713498529.420711,-2.1602993491437315,-0.04706504010976086,0.13288088854887675,-0.009201994545437513,-0.7050598667813069,-0.004627827175727034,0.7090729798591561
1713498529.5816104,-2.1498836246449025,-0.043482703089470685,0.13262951676916532,-0.011347874340501584,-0.7025018659008985,-0.004170727920266997,0.7115792009202654
1713498529.733753,-2.1421433466654456,-0.041009421540206537,0.13173435896114188,-0.012146803238629551,-0.7031803635377623,-0.003957543680911376,0.7108967360693088
1713498529.8603723,-2.140709296813741,-0.04053268517925723,0.1312566239389019,-0.007788558540400012,-0.7058867261376399,-0.007158790563288252,0.7082457341461497
1713498529.9884403,-2.1403159362235633,-0.03998882390841021,0.13369891674006257,-0.00757608097504515,-0.7071590393348928,-0.006224572318792303,0.7069865280070471
1713498530.1127093,-2.1365739943804027,-0.03870695112660326,0.13458179556803346,-0.007743756563278238,-0.7066957534849281,-0.006440619755545281,0.7074458740128625
1713498530.2467005,-2.1313618034347805,-0.037141937486679766,0.1340254911661593,-0.008840443327471822,-0.7076337837664244,-0.006724822620743735,0.7064920745450063
1713498530.3735347,-2.121602309607819,-0.03370109704431138,0.1340927270207915,-0.011610560196250607,-0.7076376991464995,-0.010625941200218767,0.7064001493574212
1713498530.5094147,-2.109427708306638,-0.030579371568217797,0.1320632577550883,-0.010971496623103814,-0.7094380768829681,-0.01209235382866336,0.704578609034739
1713498530.6477096,-2.099589405912591,-0.026597649189145686,0.12895835395200345,-0.01033803632341597,-0.711813721287682,-0.015817408735773097,0.7021140653572205
1713498530.7808008,-2.0884494876393953,-0.025293104249483393,0.1258258760260869,-0.020113081312514897,-0.7204624711401593,-0.01567724499115078,0.6930249026032318
1713498530.9190478,-2.0740612509078264,-0.025926502205163807,0.12368717961199606,-0.019700641074290908,-0.7236857384834445,-0.01671620409873114,0.6896458548976158
1713498531.059758,-2.059783720137071,-0.02990632816976722,0.12719535807895016,-0.018127971614995502,-0.7162746230012815,-0.019046267686093965,0.6973229386566369
1713498531.1891599,-2.044883910237341,-0.0380731725950949,0.1317045223287157,-0.01893732191567878,-0.7081847764234224,-0.020952668181023752,0.705462037232951
1713498531.3210633,-2.0310864415987386,-0.045887319106843426,0.13358664108151588,-0.01572193286990937,-0.7044032972450387,-0.018199130660723102,0.7093924212312575
1713498531.4526157,-2.023003273643624,-0.050291018169625876,0.13387296791222883,-0.015979490925903905,-0.7047492902803454,-0.01681759782868662,0.709077049496295
1713498531.5822253,-2.015309758135262,-0.05362867551285371,0.13279110312499495,-0.016395391431897235,-0.7051773680052296,-0.019086402307703868,0.7085843492767537
1713498531.705666,-2.0098423073491922,-0.055961175715458486,0.13239973364194635,-0.014526734802119062,-0.7030641200259347,-0.020524245675112532,0.710681765945641
1713498531.8282874,-2.00879139063367,-0.057372540093287905,0.1328120169894946,-0.016628034822748123,-0.7055444122298411,-0.01826010196695489,0.7082352430551152
1713498531.94816,-2.0084637345673544,-0.05722445525716635,0.13392218730954178,-0.017440919735546713,-0.704968441093403,-0.017109917384369316,0.7088177213559321
1713498532.0767918,-2.0046074618773773,-0.05929089953539385,0.13411202155616922,-0.01703559559584568,-0.7057975724406861,-0.015148475206400681,0.7080466784883964
1713498532.2080128,-1.99857306448437,-0.06147675325861468,0.13432668423888047,-0.016900960909808836,-0.7058452910045511,-0.015624630187494205,0.7079919869733908
1713498532.336657,-1.991892899901226,-0.06436445197757007,0.13320555741909218,-0.016533790475451334,-0.7074046384334252,-0.01512744634669254,0.7064534462103054
1713498532.4649277,-1.982112249499531,-0.06871519172558782,0.13296960419255574,-0.012417778270880489,-0.7071133682713183,-0.010111360081260474,0.7069188380515214
1713498532.6046195,-1.9689899399236404,-0.07266801531059833,0.13128113202264582,-0.014003825471706942,-0.7079906825941582,-0.008802353606342201,0.7060280481701878
1713498532.7433228,-1.9583671804236573,-0.07703432388880152,0.12860676229808413,-0.01627651697251005,-0.7094717640779288,-0.006456714282020414,0.7045162892453772
1713498532.8800347,-1.9470772357720387,-0.08244042291093764,0.12487442734925405,-0.016797887939556836,-0.7093797845687227,0.0031045284223219826,0.7046194108235153
1713498533.0114875,-1.933051554952317,-0.08381742034194684,0.12225186288981803,-0.02147719795111014,-0.7102689286483054,0.002994673021924912,0.7035963408790934
1713498533.1445684,-1.9214234164459554,-0.08141862967629696,0.12361389627789535,-0.024544852885915402,-0.7048460199812596,0.003056985416630614,0.708928976099545
1713498533.2744305,-1.9084504378799942,-0.07663355078465658,0.12812111486410196,-0.017513853257990843,-0.7036347287086342,0.0003421120758771921,0.7103459132412263
1713498533.399828,-1.8942709509614948,-0.07127488332309616,0.12886126272836085,-0.021212075362637545,-0.701191132962939,-0.003402072913424151,0.7126496115292925
1713498533.521197,-1.8866348680501008,-0.06760976351299977,0.12954382920859117,-0.020725499948927535,-0.7003574815025312,-0.005168717293609479,0.7134725896044203
1713498533.6424623,-1.881422800639546,-0.06654789004860813,0.12817931177918843,-0.021616692099994703,-0.7020712254835889,-0.004712831405298639,0.7117629536515447
1713498533.7616022,-1.8799397247964622,-0.0669428576141291,0.13200933015226532,-0.01308656963346217,-0.7048812730179105,-0.006813623031735545,0.7091718460183399
1713498533.8760405,-1.8811157003809824,-0.06763632593909541,0.13376215438701328,-0.009285922051563898,-0.7058277977567521,-0.009281175514615292,0.7082617816503816
1713498533.9916842,-1.8791793741970109,-0.06720595587066815,0.13481139380523371,-0.009541347731806605,-0.705837177725171,-0.00901124063504241,0.7082525247160391
1713498534.1109204,-1.875390495666669,-0.06620140698158891,0.13450103436455876,-0.01026489610175438,-0.7063132199236388,-0.008934156309396906,0.7077686402491714
1713498534.2291448,-1.8701324691418137,-0.06517718787700395,0.13455646289150155,-0.0107222987588761,-0.7066798718842997,-0.009488787690057643,0.7073885452077154
1713498534.355277,-1.86322446089137,-0.06332378083308872,0.13362956693196687,-0.01159474198830467,-0.7085895293152258,-0.009549454962764523,0.7054610186345988
1713498534.5078022,-1.8518197061889028,-0.061206895686115204,0.13039002878943595,-0.018337534493543098,-0.7153226867299064,-0.009849033174646797,0.6984842054218057
1713498534.6560833,-1.8381750120916551,-0.058959700492352676,0.12658914817169492,-0.02290940646778375,-0.7232788496259756,-0.008685154057456936,0.6901213175073044
1713498534.8027968,-1.8261356153958792,-0.05772001835510321,0.12706608536761455,-0.02651539946795456,-0.7207490478321144,-0.01685138543737081,0.6924837719751971
1713498534.958433,-1.8114709301396483,-0.05966920617225281,0.1284426558805977,-0.01953557033282184,-0.7137624579127947,-0.020181579607709225,0.6998244201302175
1713498535.112346,-1.795970655262708,-0.06497937947231038,0.13235279956719148,-0.021848924456089755,-0.7072234075104694,-0.02319576098203617,0.7062716425298817
1713498535.2694094,-1.7800095812881112,-0.07497073756359968,0.13426416313487233,-0.016966614078394983,-0.7041215770649865,-0.01793838809654467,0.7096500214547512
1713498535.4031167,-1.7674624591479193,-0.08148285839272598,0.1340523865128457,-0.018190026417611197,-0.706689055866873,-0.015967805418226646,0.707110126109816
1713498535.5255134,-1.7576277227443475,-0.08639796601575594,0.1343819033455281,-0.015575200489387118,-0.7034656154187129,-0.016398049613754333,0.7103693722438714
1713498535.6493979,-1.7514277254202997,-0.0891156276907877,0.13379912759296203,-0.013698752757216714,-0.7016055061855784,-0.017536125931228864,0.71221804396568
1713498535.762901,-1.747778787212112,-0.09040949615389601,0.13277134067780702,-0.013783541937436004,-0.704087297194589,-0.017032943896583285,0.709775295937449
1713498535.8781276,-1.7476776209611642,-0.09004509313277766,0.13317621496875437,-0.01624438433924034,-0.7049876770814962,-0.014720560476403488,0.7088806671365327
1713498535.993144,-1.7460025220487412,-0.09104036450323023,0.13437986311172284,-0.0156301590020104,-0.70484028564868,-0.014824334800646636,0.7090388627952475
1713498536.1136794,-1.7424386764082787,-0.09248299401885728,0.1346551553990317,-0.015392635971435026,-0.704995119087004,-0.014609307283778223,0.7088945739403288
1713498536.230674,-1.7374275818460287,-0.09473977110886016,0.1339738913530511,-0.01517790410547419,-0.7063250870203525,-0.01414439420221032,0.707583520713498
1713498536.3502676,-1.7312664853851436,-0.09898080444979841,0.1327751914048047,-0.01723065135411757,-0.7061829080963201,-0.011478036342798365,0.7077266842844424
1713498536.4793513,-1.7205601206405454,-0.10475154647786836,0.13005988100588867,-0.014576842598865193,-0.709149656569938,-0.007422894759177245,0.7048682010702294
1713498536.6062965,-1.7073359969010944,-0.11076907134728282,0.12602100460106266,-0.016341002274153877,-0.7131354153886424,-0.0052485223530052425,0.700816169887835
1713498536.7339578,-1.6966679826898576,-0.11411283838287208,0.12587969700082297,-0.019455057455251553,-0.7097503189670629,-0.0020436838614854465,0.7041816589643896
1713498536.859766,-1.6849124477220767,-0.11473729435169247,0.12632117718252633,-0.021500073300828964,-0.7059828304605558,0.0004037865283556361,0.7079024134013111
1713498536.9894564,-1.672444894543835,-0.11349512128790344,0.12868845596572331,-0.013786976372209301,-0.7046974352617534,0.003108721473043257,0.7093671685867777
1713498537.1140218,-1.6577847752329964,-0.10786869469823865,0.1308886235947028,-0.01367729176398534,-0.703952242684067,-0.002099906611022402,0.7101124996099566
1713498537.2400043,-1.6470075447656871,-0.10283891616016269,0.13250849562066333,-0.012915657452716575,-0.7036265372719658,-0.005208132051043978,0.7104334994915189
1713498537.3651512,-1.6359385120828838,-0.0986571176319485,0.13348614175759854,-0.00873909588605406,-0.7054883448574997,-0.005769446756385204,0.7086441539711207
1713498537.4929888,-1.6253408544623547,-0.09507985922641171,0.13328398806083663,-0.011170888252181524,-0.7026396163505235,-0.005194116440033212,0.7114392468404129
1713498537.6107657,-1.6192022491113678,-0.09312807150281655,0.13266347505587808,-0.012257842634315102,-0.7024853559864204,-0.005052865813882837,0.7115746893093173
1713498537.727041,-1.6160684998943962,-0.09229073024461118,0.13210898700888227,-0.01207791759913648,-0.704462682573018,-0.005562917073944944,0.7096164504308817
1713498537.8405035,-1.6150153717950642,-0.09221247302977037,0.1329840086023729,-0.010198735862207238,-0.7052833607363015,-0.006310818994355771,0.7088240546277628
1713498537.9571927,-1.6134747735733888,-0.09209098284560209,0.13372988001097247,-0.008592051904689892,-0.7057720480798034,-0.008581436856924368,0.7083349149482732
1713498538.0800083,-1.6095021459056043,-0.09076267931237918,0.13455662375364563,-0.00904265176286708,-0.7060286740745935,-0.008386815990759916,0.7080758456204421
1713498538.19581,-1.6041583600692357,-0.08918527348868235,0.13408047024902217,-0.010012171521168515,-0.7074787616026187,-0.008479272330616804,0.7066128078682122
1713498538.3139393,-1.597309428037692,-0.08762859373854802,0.132983250132727,-0.011589215454278339,-0.7098129222699471,-0.008086473845484825,0.7042484749039211
1713498538.4352434,-1.5890898414913612,-0.08493299605738003,0.1313164653179263,-0.012387527050898822,-0.7117896451020398,-0.00997971762645889,0.7022125429919147
1713498538.55976,-1.5778712082175173,-0.08358418686006959,0.12793169920184538,-0.022361021067128294,-0.720405092658358,-0.00972766645747146,0.6931247071876969
1713498538.6971216,-1.5624204575892437,-0.08157255730333166,0.12615544248513938,-0.021324423719365323,-0.721822324708855,-0.012237677473259483,0.6916415543870986
1713498538.8307192,-1.5485659395361244,-0.08104322873044449,0.12762581124904074,-0.016593919309025828,-0.7140263573294235,-0.01906033301279645,0.6996625662319526
1713498538.9565089,-1.535030866586832,-0.08365556570262656,0.1308255149219935,-0.01617735238061373,-0.7076254744584269,-0.02127337266994794,0.7060820949313793
1713498539.0804343,-1.5216906018373564,-0.09024689980111301,0.13197410868209017,-0.01894318000448181,-0.7058264882661616,-0.023556846679041288,0.7077394996520372
1713498539.2054563,-1.508898916525606,-0.09774212451741325,0.13396744521650464,-0.018772210359478434,-0.7049072021705384,-0.01965687140139891,0.7087785605201615
1713498539.3269284,-1.5001133001737064,-0.10254830679960583,0.13434429031072564,-0.01948725133004306,-0.7055462580289958,-0.018413844657447474,0.7081565188161533
1713498539.4453502,-1.492814197479357,-0.10613980775160134,0.13450876210261256,-0.019576905607375312,-0.7045692834192638,-0.019161858842229235,0.7091062634010615
1713498539.5752833,-1.4849447266086842,-0.10947820532283531,0.13351487657885347,-0.019901283774446624,-0.7050933300177377,-0.020835924392326434,0.7085288978745637
1713498539.694302,-1.479717608979216,-0.11211001428401761,0.13354873969771588,-0.018650058992118714,-0.7029632523825299,-0.0216326014932569,0.7106524267544578
1713498539.8144405,-1.4780021532620582,-0.11276692153660484,0.1330521975790073,-0.018871830776061024,-0.7044127117565833,-0.021413076580934765,0.7092165153676524
1713498539.9303565,-1.4779787996657263,-0.11235118454723289,0.13306397203642073,-0.0212482189794141,-0.7054277285128913,-0.01857706010815531,0.7082196875780026
1713498540.0468502,-1.47607386585483,-0.11331148282891933,0.1337860491924892,-0.02078200819415903,-0.7054291497616891,-0.018759375051237027,0.7082273001301247
1713498540.1694093,-1.469487030948462,-0.11620659270956804,0.13378763173261987,-0.02000440876615744,-0.7060348558206941,-0.017254879909697075,0.7076841633917423
1713498540.2935212,-1.461236370623204,-0.11931248531881969,0.1327157125334092,-0.01892833456468903,-0.7080004724053556,-0.01732317297661638,0.7057456743774083
1713498540.4178336,-1.452715715294074,-0.12197464463059382,0.1311502693614684,-0.016509304668310347,-0.711473135216416,-0.018127839687126113,0.7022854135983249
1713498540.5428743,-1.4445323965188253,-0.1267739319841302,0.13008730748289618,-0.019272264039805975,-0.7090621895887669,-0.012271859083100134,0.7047757037590106
1713498540.6681268,-1.4333703731173315,-0.13065978098113523,0.1279697283682998,-0.01450039211747043,-0.7137078020581095,-0.00998336346603215,0.7002222821102791
1713498540.7897677,-1.4207847030152314,-0.1331665373641113,0.12426432757823376,-0.015465125902456375,-0.7207448725407951,-0.013170029430062536,0.6929027413077435
1713498540.9143114,-1.4097129403128306,-0.13369805845633947,0.1252607595720574,-0.018235380726801163,-0.7167180202766336,-0.01137494789740614,0.6970318219857852
1713498541.0404992,-1.3969350151369964,-0.1305605640682714,0.12872579262665973,-0.021164114131105787,-0.7077394356491081,-0.010085330495298271,0.7060844550115293
1713498541.1745207,-1.3843625934452704,-0.12583964166105366,0.13106018169989245,-0.017318992177007178,-0.7050777756995652,-0.00882191747511848,0.708863566912977
1713498541.3011346,-1.3708750331050474,-0.11977328473740298,0.13316570348771406,-0.017519586652173198,-0.703452306282443,-0.012648050960986664,0.7104139241852861
1713498541.4295332,-1.3620292105494558,-0.11672295420058654,0.13293194854406287,-0.01759778082532447,-0.7034611604795268,-0.01293336710483827,0.7103980868654933
1713498541.5573604,-1.3553711432456437,-0.11456409690561693,0.13280383305783763,-0.017446190151525213,-0.7041227852889091,-0.013216701301331995,0.7097408347368053
1713498541.679052,-1.3485964435543265,-0.1128562476266549,0.13189420889310502,-0.018139367904359004,-0.7026776919178827,-0.010834774079123125,0.711194510864392
1713498541.8010623,-1.3459687023446512,-0.1115647851916038,0.13260322265054197,-0.015248500521484576,-0.7053183590527747,-0.011319782632695626,0.7086362664555745
1713498541.9207256,-1.3465886856916622,-0.11207698889582796,0.13379899163104234,-0.0130335561916421,-0.7062866747202997,-0.013327262548302757,0.7076804671590913
1713498542.0407586,-1.3445816153259622,-0.11129059447708295,0.13458097399286298,-0.013361381796164423,-0.7062965179856999,-0.013081111597925776,0.7076691223143312
1713498542.1611896,-1.3374683934452132,-0.10944727853269016,0.1346019478721569,-0.014795585559668267,-0.7063895792008118,-0.014703892713248404,0.7075158292105725
1713498542.2847717,-1.329128319047815,-0.10753758264259156,0.1336044545340872,-0.016062625641116133,-0.7084200911110834,-0.014178841232187772,0.7054657518469556
1713498542.407368,-1.3214212386150173,-0.10570235692999304,0.13171392453804215,-0.01760640885998865,-0.7111140713647973,-0.015600330958431208,0.7026830164078426
1713498542.5309095,-1.3123105568128188,-0.10522523943507524,0.1292786019638026,-0.02339480711562787,-0.7167873009595955,-0.01377186972803686,0.696763219312899
1713498542.6543958,-1.3028529970951854,-0.1025476310955458,0.12862858328043142,-0.020923541965384894,-0.7140488088186652,-0.018552328100596694,0.6995372149773849
1713498542.7831209,-1.2888898419183343,-0.10207278793606532,0.1286865327906657,-0.022179707801401556,-0.7132315620068543,-0.021676389499544525,0.7002420536195834
1713498542.9079237,-1.2742004525704138,-0.1049952823253537,0.1288110658517658,-0.019877026871183784,-0.7141703053484271,-0.018017985057113193,0.6994576691807579
1713498543.0313191,-1.2627311301813688,-0.10873087024138647,0.13083688305232066,-0.016364266992572877,-0.7075851560768083,-0.020031478746421822,0.7061545139165977
1713498543.1547058,-1.2528842651504881,-0.11470663078856098,0.13350130334258556,-0.01788379203320618,-0.7054189099512794,-0.01801514419238009,0.7083359273998387
1713498543.2799022,-1.2422740402094905,-0.11924400230305487,0.13349025201570866,-0.020381151429857268,-0.704907869409418,-0.02112143866529156,0.7086913214790883
1713498543.4021869,-1.2317808898248401,-0.12497836586052406,0.13424527753919757,-0.019263393020044265,-0.7033108126841764,-0.020070839825156606,0.7103379363652146
1713498543.5253024,-1.2251640758512163,-0.1279691200047879,0.1334758282848043,-0.018987870414458142,-0.7046485474709889,-0.019829764102299696,0.7090251517258019
1713498543.6394699,-1.219778786385362,-0.1303082989261295,0.13289209355275086,-0.017570527370330328,-0.703530135108275,-0.020886538802227322,0.7101410972893514
1713498543.755088,-1.2160379620129662,-0.1320298596113185,0.1322941608850011,-0.017347367600155896,-0.7046808693568806,-0.020651257638791453,0.7090116125690133
1713498543.8735445,-1.2158389274908594,-0.13188557893785355,0.13309992106024557,-0.019840308114756428,-0.7056568910024148,-0.018349203489994702,0.7080381494566522
1713498543.989935,-1.2141093710671342,-0.13277145686481906,0.13420984255665286,-0.01921069095474117,-0.7056538842108474,-0.018487977264135338,0.7080548988234362
1713498544.11129,-1.2104857113390717,-0.13430328801566613,0.13444330208872446,-0.019013217415302895,-0.7057272691326135,-0.018405464269401126,0.7079892358300162
1713498544.2391207,-1.2053831059613571,-0.13648827211326842,0.13377237941333486,-0.018378568463972542,-0.7070291450280352,-0.017854098849970763,0.7067200630068431
1713498544.368184,-1.1951008016999773,-0.14049394873126045,0.1316193197976172,-0.01428147762039928,-0.711352410229927,-0.017726249029819008,0.7024667735575717
1713498544.4911323,-1.1833166690514132,-0.14458721598596153,0.12909302829468158,-0.01259690575657682,-0.7161855665370337,-0.01770208964036977,0.6975716366594564
1713498544.6230397,-1.1734597052686915,-0.14734371540127156,0.12920830649866677,-0.013936405409823483,-0.7144941935864726,-0.015188533729951175,0.6993376383254396
1713498544.7568471,-1.1624384811792958,-0.14844833246490075,0.1305201371185824,-0.016259423494343155,-0.7102389721916348,-0.012988958488722164,0.7036529830002713
1713498544.8835003,-1.150676114410462,-0.14954615003573118,0.13072931595120005,-0.015044118246266924,-0.7067540039676429,-0.006300616272300959,0.7072713444050217
1713498545.0078967,-1.1361819854118038,-0.14979801460590672,0.12958456700581,-0.019996693568737404,-0.7052145037488429,-0.006949890922387995,0.7086778781398205
1713498545.1376395,-1.124935543396441,-0.14567951464505843,0.13199452088020106,-0.01825148843336058,-0.7049947705835721,-0.011221245087610968,0.7088888067098164
1713498545.262494,-1.1132930079180827,-0.14084370910984934,0.13293269905543045,-0.014736573620132774,-0.7049405772704167,-0.01025706507733964,0.7090390740513455
1713498545.383954,-1.1022518373371148,-0.13635235633872467,0.13374371944395383,-0.014883620896745697,-0.7032764323830455,-0.01130931248135565,0.7106706951428184
1713498545.508249,-1.0949074393635263,-0.13401036440049588,0.13307715819428148,-0.01514961074877134,-0.7037011629130033,-0.011123171271679676,0.7102474481966891
1713498545.6294599,-1.0893580921999662,-0.13262335856782373,0.132412545707604,-0.016121700746793328,-0.7038579411472257,-0.010470395019552721,0.7100806012539381
1713498545.7492192,-1.0855055503299997,-0.13153302501493971,0.13197410482639282,-0.01704486052813948,-0.7032095265568881,-0.009859903407385377,0.7107099385783281
1713498545.8706915,-1.0851695072680858,-0.13204635216089505,0.13129221997081406,-0.0127229192872757,-0.7058447557117745,-0.012954852752253781,0.7081338008802872
1713498545.9863973,-1.0836237556315929,-0.13130588948727392,0.13388608420277584,-0.012579933109722781,-0.706160354483191,-0.012794713768429902,0.707824550534038
1713498546.1051702,-1.0799088188768358,-0.13016047127269395,0.13454207640593763,-0.012726636709675254,-0.7063526200554974,-0.012875580808111532,0.7076285948699701
1713498546.2224908,-1.0744884664776075,-0.12869913074625497,0.1338838480039005,-0.013944884082707613,-0.7073283296914796,-0.012842169643751237,0.7066309170299744
1713498546.340384,-1.0676581897226,-0.12724761415891747,0.13284313046941532,-0.015635636004912683,-0.7098830383102579,-0.012836234574571106,0.7040289979028318
1713498546.470059,-1.0574203380374243,-0.1244752256246742,0.12869860508410724,-0.018659618366294276,-0.7144138841800121,-0.01819012180446317,0.6992379710813704
1713498546.593796,-1.0445431216498875,-0.12307939429104525,0.12908926122027742,-0.01961439389355565,-0.7132005205522166,-0.020260480660896127,0.7003926084415978
1713498546.718637,-1.0327701587071432,-0.12433043719690548,0.13093797324525933,-0.01813614594705773,-0.7085404837712377,-0.023039420909652115,0.705060740753274
1713498546.8439896,-1.0222383039499796,-0.12597190225773644,0.13170733806660248,-0.018164707701353693,-0.7065210050297158,-0.024457427956756025,0.7070360295371552
1713498546.974171,-1.0105505001521402,-0.12772224011645245,0.13121107103711968,-0.02129038426187011,-0.705913811479632,-0.029853236679064515,0.707348001029242
1713498547.1058023,-0.9970259348331871,-0.13369115964860953,0.13266908848714332,-0.020570989533376004,-0.705484855469094,-0.025770471217649877,0.7079575099584648
1713498547.2375128,-0.9873057485711287,-0.1395063654176393,0.13403818288775177,-0.021259050497351287,-0.7049445268478235,-0.023596519039044733,0.7085509657946204
1713498547.3706443,-0.9795805509322817,-0.1437805011076641,0.13427483857344688,-0.022433277245318094,-0.7061708344209336,-0.022376420184008722,0.7073321684364607
1713498547.5052824,-0.9704147142650789,-0.14755861576961837,0.13386742918069708,-0.02383281357641891,-0.7054178777293034,-0.02545090506669981,0.7079335182121292
1713498547.6527905,-0.9632999972417453,-0.15113751195173028,0.13372971214080126,-0.02252980384444264,-0.7044249779542838,-0.025629136306503264,0.7089576896719723
1713498547.7770803,-0.9590932918049665,-0.15304009840936514,0.13285882585612113,-0.022010668509544227,-0.7053213755666421,-0.025595716592151548,0.7080834321834378
1713498547.8989766,-0.9587441756083,-0.15263100637948224,0.1329544919195537,-0.024850797550552826,-0.7057419871495059,-0.02320862039188251,0.7076524891321119
1713498548.041153,-0.9570200113337584,-0.1536565802785723,0.13413328920998852,-0.02445313260677412,-0.7055762446924143,-0.023243334201476774,0.7078304561451594
1713498548.1806803,-0.9503672886291806,-0.15681468265299384,0.1343144929108485,-0.023445160852226248,-0.7057653043327082,-0.02204363057708186,0.7077144466405603
1713498548.305552,-0.9418801153051729,-0.16047588387499326,0.13324938610923578,-0.023054217739582352,-0.7072622429496627,-0.02160475029426527,0.7062448991015445
1713498548.4279149,-0.9344504650160265,-0.1655412262017321,0.13174106309950773,-0.02524294089264915,-0.7064213899165871,-0.017882635224067692,0.7071151427885353
1713498548.5538805,-0.9260954628387668,-0.17061167847127626,0.12960363218650903,-0.026210388378164265,-0.7077727768331812,-0.014961862068328126,0.7057951930966675
1713498548.6826034,-0.9153842662117126,-0.17786314483371182,0.1272498964230445,-0.025632204481821384,-0.7063945353229074,-0.006034221645598545,0.7073283104248465
1713498548.8102074,-0.9014622625761911,-0.18227187442931325,0.12336559110682899,-0.02905075519161011,-0.7103512192629564,-0.006733468938288915,0.7032153719241961
1713498548.9343317,-0.8902440663392508,-0.18471151772676542,0.12230110371622338,-0.034438943491991086,-0.7060378108605855,-0.0034304920169374764,0.7073279299807617
1713498549.060133,-0.8767102496459745,-0.1841875488451906,0.12316942500321647,-0.030008872840251114,-0.705673575852707,-0.0017105243841023365,0.7078992484813379
1713498549.1869323,-0.8614009837043374,-0.17845042665447072,0.1252394991688231,-0.032057406152971694,-0.7025991317584684,-0.006022302058564504,0.7108378961766918
1713498549.3399808,-0.8506160345902739,-0.17369086286096727,0.1278425454884784,-0.030203959408973705,-0.7030343003892905,-0.01145412416291703,0.7104219143240322
1713498549.4744577,-0.8401451440263792,-0.17044012120864144,0.12723193534201246,-0.02926071547712634,-0.7016890694498422,-0.008815991105396017,0.7118276045821845
1713498549.5998006,-0.8327377444613372,-0.1672892680426229,0.12769410669468736,-0.029157504513498606,-0.7005015353215316,-0.00971257355638893,0.7129888532492175
1713498549.7258894,-0.831075600203079,-0.16665775533527252,0.12974358797186059,-0.023303354421470433,-0.7031264116296827,-0.012463749102727833,0.7105736118797108
